,mean_fit_time,std_fit_time,mean_score_time,std_score_time,param_class_weight,param_criterion,param_max_depth,param_max_features,param_n_estimators,param_n_jobs,param_random_state,params,split0_test_score,split1_test_score,split2_test_score,split3_test_score,split4_test_score,mean_test_score,std_test_score,rank_test_score
0,2.778375005722046,4.195484264357849,0.2286778450012207,0.05470625417902081,balanced,gini,4,auto,50,-1,0,"{'class_weight': 'balanced', 'criterion': 'gini', 'max_depth': 4, 'max_features': 'auto', 'n_estimators': 50, 'n_jobs': -1, 'random_state': 0}",0.9936791480590862,0.10924081071796633,0.7508072827207145,0.01381063625120242,0.13075443177133433,0.3996584619040608,0.39539762367624887,63
1,0.595151138305664,0.030032632896668944,0.19084787368774414,0.012107008035413478,balanced,gini,4,auto,50,-1,10,"{'class_weight': 'balanced', 'criterion': 'gini', 'max_depth': 4, 'max_features': 'auto', 'n_estimators': 50, 'n_jobs': -1, 'random_state': 10}",0.9936791480590862,0.10924081071796633,0.7508072827207145,0.01374192661811186,0.13123539920296826,0.39974091346376944,0.3953456616347545,33
2,0.5785765171051025,0.0084403400593959,0.2001033306121826,0.008616713363014832,balanced,gini,4,auto,50,-1,42,"{'class_weight': 'balanced', 'criterion': 'gini', 'max_depth': 4, 'max_features': 'auto', 'n_estimators': 50, 'n_jobs': -1, 'random_state': 42}",0.9936791480590862,0.10924081071796633,0.7508072827207145,0.013604507351930742,0.13082314140442491,0.3996309780508246,0.3954285178532602,89
3,0.7896296501159668,0.04713181405739312,0.25312438011169436,0.02257861767515492,balanced,gini,4,auto,100,-1,0,"{'class_weight': 'balanced', 'criterion': 'gini', 'max_depth': 4, 'max_features': 'auto', 'n_estimators': 100, 'n_jobs': -1, 'random_state': 0}",0.9936791480590862,0.10924081071796633,0.7508072827207145,0.01381063625120242,0.13075443177133433,0.3996584619040608,0.39539762367624887,63
4,0.7846176147460937,0.025691062685420006,0.24782419204711914,0.021703065339048224,balanced,gini,4,auto,100,-1,10,"{'class_weight': 'balanced', 'criterion': 'gini', 'max_depth': 4, 'max_features': 'auto', 'n_estimators': 100, 'n_jobs': -1, 'random_state': 10}",0.9936791480590862,0.10924081071796633,0.7508072827207145,0.01374192661811186,0.1313728184691494,0.3997683973170057,0.39532699890416845,27
5,0.88861083984375,0.0643267705055362,0.29024295806884765,0.011812629159267141,balanced,gini,4,auto,100,-1,42,"{'class_weight': 'balanced', 'criterion': 'gini', 'max_depth': 4, 'max_features': 'auto', 'n_estimators': 100, 'n_jobs': -1, 'random_state': 42}",0.9936791480590862,0.10924081071796633,0.7508072827207145,0.01374192661811186,0.12965507764188539,0.3994248491515529,0.3955607687592413,205
6,1.429431104660034,0.08333044263343307,0.5029310703277587,0.042948937314000825,balanced,gini,4,auto,200,-1,0,"{'class_weight': 'balanced', 'criterion': 'gini', 'max_depth': 4, 'max_features': 'auto', 'n_estimators': 200, 'n_jobs': -1, 'random_state': 0}",0.9936791480590862,0.10924081071796633,0.7508072827207145,0.01381063625120242,0.13068572213824378,0.3996447199774427,0.39540697020043214,79
7,1.5578128337860107,0.1764279115972129,0.5893813133239746,0.06318162251564383,balanced,gini,4,auto,200,-1,10,"{'class_weight': 'balanced', 'criterion': 'gini', 'max_depth': 4, 'max_features': 'auto', 'n_estimators': 200, 'n_jobs': -1, 'random_state': 10}",0.9936791480590862,0.10924081071796633,0.7508072827207145,0.01374192661811186,0.12958636800879483,0.3994111072249348,0.39557014150409775,226
8,1.8441384792327882,0.12483393767012076,0.6288018703460694,0.10224902295824115,balanced,gini,4,auto,200,-1,42,"{'class_weight': 'balanced', 'criterion': 'gini', 'max_depth': 4, 'max_features': 'auto', 'n_estimators': 200, 'n_jobs': -1, 'random_state': 42}",0.9936791480590862,0.10924081071796633,0.7508072827207145,0.01381063625120242,0.13075443177133433,0.3996584619040608,0.39539762367624887,63
9,2.379160928726196,0.19342917898175763,0.8600990295410156,0.0868037007327453,balanced,gini,4,auto,300,-1,0,"{'class_weight': 'balanced', 'criterion': 'gini', 'max_depth': 4, 'max_features': 'auto', 'n_estimators': 300, 'n_jobs': -1, 'random_state': 0}",0.9936791480590862,0.10924081071796633,0.7508072827207145,0.01381063625120242,0.13068572213824378,0.3996447199774427,0.39540697020043214,79
10,2.2182044982910156,0.13515208449495944,0.7318705558776856,0.06107021227291194,balanced,gini,4,auto,300,-1,10,"{'class_weight': 'balanced', 'criterion': 'gini', 'max_depth': 4, 'max_features': 'auto', 'n_estimators': 300, 'n_jobs': -1, 'random_state': 10}",0.9936791480590862,0.10924081071796633,0.7508072827207145,0.01374192661811186,0.12958636800879483,0.3994111072249348,0.39557014150409775,226
11,1.9591933250427247,0.16816947809230642,0.7394679069519043,0.07627952606487494,balanced,gini,4,auto,300,-1,42,"{'class_weight': 'balanced', 'criterion': 'gini', 'max_depth': 4, 'max_features': 'auto', 'n_estimators': 300, 'n_jobs': -1, 'random_state': 42}",0.9936791480590862,0.10924081071796633,0.7508072827207145,0.01381063625120242,0.1315102377353305,0.3998096230968601,0.3952949234429435,14
12,0.5624267101287842,0.02535088005529017,0.1842587947845459,0.0071265710705491776,balanced,gini,5,auto,50,-1,0,"{'class_weight': 'balanced', 'criterion': 'gini', 'max_depth': 5, 'max_features': 'auto', 'n_estimators': 50, 'n_jobs': -1, 'random_state': 0}",0.9936791480590862,0.10924081071796633,0.7513569220199244,0.01381063625120242,0.13096056067060602,0.39980961554375716,0.39546726463756593,20
13,0.529461669921875,0.009120836644479243,0.1842923641204834,0.0003961892543607466,balanced,gini,5,auto,50,-1,10,"{'class_weight': 'balanced', 'criterion': 'gini', 'max_depth': 5, 'max_features': 'auto', 'n_estimators': 50, 'n_jobs': -1, 'random_state': 10}",0.9936791480590862,0.10951563036757128,0.7514256269323256,0.01381063625120242,0.12986120654115707,0.39965844963026853,0.39558884722057447,74
14,0.5219532012939453,0.009990324802762667,0.1830427646636963,0.007715497891791008,balanced,gini,5,auto,50,-1,42,"{'class_weight': 'balanced', 'criterion': 'gini', 'max_depth': 5, 'max_features': 'auto', 'n_estimators': 50, 'n_jobs': -1, 'random_state': 42}",0.9936791480590862,0.10924081071796633,0.7514256269323256,0.01381063625120242,0.13054830287206268,0.3997409049665287,0.39553556461171246,34
15,0.6912124633789063,0.008140259580800472,0.2630478382110596,0.017287963833924797,balanced,gini,5,auto,100,-1,0,"{'class_weight': 'balanced', 'criterion': 'gini', 'max_depth': 5, 'max_features': 'auto', 'n_estimators': 100, 'n_jobs': -1, 'random_state': 0}",0.9936791480590862,0.10951563036757128,0.7513569220199244,0.01381063625120242,0.12999862580733818,0.39967219250102454,0.39555788854276996,53
16,0.7152191162109375,0.03525451371513669,0.272049617767334,0.00937006718308997,balanced,gini,5,auto,100,-1,10,"{'class_weight': 'balanced', 'criterion': 'gini', 'max_depth': 5, 'max_features': 'auto', 'n_estimators': 100, 'n_jobs': -1, 'random_state': 10}",0.9936791480590862,0.10951563036757128,0.7515630367571281,0.01381063625120242,0.12986120654115707,0.399685931595229,0.395613287912348,51
17,0.7077330589294434,0.019769936076841993,0.27063302993774413,0.017095967892362732,balanced,gini,5,auto,100,-1,42,"{'class_weight': 'balanced', 'criterion': 'gini', 'max_depth': 5, 'max_features': 'auto', 'n_estimators': 100, 'n_jobs': -1, 'random_state': 42}",0.9936791480590862,0.10951563036757128,0.7515630367571281,0.01381063625120242,0.12972378727497594,0.3996584477419928,0.39563203641837813,75
18,1.2096054553985596,0.017859462303492925,0.5148509025573731,0.05311887820823377,balanced,gini,5,auto,200,-1,0,"{'class_weight': 'balanced', 'criterion': 'gini', 'max_depth': 5, 'max_features': 'auto', 'n_estimators': 200, 'n_jobs': -1, 'random_state': 0}",0.9936791480590862,0.10951563036757128,0.7513569220199244,0.01381063625120242,0.12999862580733818,0.39967219250102454,0.39555788854276996,53
19,1.20823392868042,0.020579109655443118,0.4876574516296387,0.028700043294960318,balanced,gini,5,auto,200,-1,10,"{'class_weight': 'balanced', 'criterion': 'gini', 'max_depth': 5, 'max_features': 'auto', 'n_estimators': 200, 'n_jobs': -1, 'random_state': 10}",0.9936791480590862,0.10951563036757128,0.7515630367571281,0.01381063625120242,0.12992991617424762,0.3996996735218471,0.3956039161902188,48
20,1.374417209625244,0.09985637636965342,0.465514612197876,0.022852522545549737,balanced,gini,5,auto,200,-1,42,"{'class_weight': 'balanced', 'criterion': 'gini', 'max_depth': 5, 'max_features': 'auto', 'n_estimators': 200, 'n_jobs': -1, 'random_state': 42}",0.9936791480590862,0.10951563036757128,0.7513569220199244,0.01381063625120242,0.12965507764188539,0.39960348286793396,0.39560475277240115,186
21,2.039621114730835,0.24051405066431167,0.8150895118713379,0.13031926123619522,balanced,gini,5,auto,300,-1,0,"{'class_weight': 'balanced', 'criterion': 'gini', 'max_depth': 5, 'max_features': 'auto', 'n_estimators': 300, 'n_jobs': -1, 'random_state': 0}",0.9936791480590862,0.10951563036757128,0.7515630367571281,0.01381063625120242,0.12999862580733818,0.3997134154484653,0.3955945461555067,37
22,2.0377203941345217,0.12511195404795716,0.7332405567169189,0.06373296423854459,balanced,gini,5,auto,300,-1,10,"{'class_weight': 'balanced', 'criterion': 'gini', 'max_depth': 5, 'max_features': 'auto', 'n_estimators': 300, 'n_jobs': -1, 'random_state': 10}",0.9936791480590862,0.10951563036757128,0.7515630367571281,0.01381063625120242,0.12883056204479867,0.39947980269595734,0.3957540661527739,204
23,1.8418670177459717,0.17665595202974624,0.6743012428283691,0.047812488029035684,balanced,gini,5,auto,300,-1,42,"{'class_weight': 'balanced', 'criterion': 'gini', 'max_depth': 5, 'max_features': 'auto', 'n_estimators': 300, 'n_jobs': -1, 'random_state': 42}",0.9936791480590862,0.10951563036757128,0.7514943318447269,0.01381063625120242,0.12965507764188539,0.3996309648328945,0.395629191527275,97
24,0.5328416347503662,0.026060143147091205,0.18502635955810548,0.029035559527186543,balanced,gini,6,auto,50,-1,0,"{'class_weight': 'balanced', 'criterion': 'gini', 'max_depth': 6, 'max_features': 'auto', 'n_estimators': 50, 'n_jobs': -1, 'random_state': 0}",0.9936791480590862,0.10903469598076262,0.7513569220199244,0.01381063625120242,0.13102927030369657,0.39978213452293443,0.39548822142099693,26
25,0.5069835662841797,0.011404347907384014,0.1738976001739502,0.010398705921898352,balanced,gini,6,auto,50,-1,10,"{'class_weight': 'balanced', 'criterion': 'gini', 'max_depth': 6, 'max_features': 'auto', 'n_estimators': 50, 'n_jobs': -1, 'random_state': 10}",0.9936791480590862,0.10903469598076262,0.7515630367571281,0.01381063625120242,0.12903669094407036,0.39942484159844993,0.39579641061747123,206
26,0.4994967460632324,0.006044566494006223,0.17189183235168456,0.008738456795021929,balanced,gini,6,auto,50,-1,42,"{'class_weight': 'balanced', 'criterion': 'gini', 'max_depth': 6, 'max_features': 'auto', 'n_estimators': 50, 'n_jobs': -1, 'random_state': 42}",0.9936791480590862,0.10951563036757128,0.7515630367571281,0.01381063625120242,0.12965507764188539,0.3996447058153747,0.3956414132020392,88
27,0.7000368118286133,0.03524326615624427,0.2674839496612549,0.027097908382592645,balanced,gini,6,auto,100,-1,0,"{'class_weight': 'balanced', 'criterion': 'gini', 'max_depth': 6, 'max_features': 'auto', 'n_estimators': 100, 'n_jobs': -1, 'random_state': 0}",0.9936791480590862,0.10903469598076262,0.7515630367571281,0.01381063625120242,0.12992991617424762,0.39960348664448536,0.39567451182334396,162
28,0.8791813373565673,0.06126094735171076,0.30911860466003416,0.010945904995030597,balanced,gini,6,auto,100,-1,10,"{'class_weight': 'balanced', 'criterion': 'gini', 'max_depth': 6, 'max_features': 'auto', 'n_estimators': 100, 'n_jobs': -1, 'random_state': 10}",0.9936791480590862,0.10903469598076262,0.7515630367571281,0.01381063625120242,0.12992991617424762,0.39960348664448536,0.39567451182334396,162
29,0.9441714286804199,0.1774500040118002,0.3378284931182861,0.044834610406175125,balanced,gini,6,auto,100,-1,42,"{'class_weight': 'balanced', 'criterion': 'gini', 'max_depth': 6, 'max_features': 'auto', 'n_estimators': 100, 'n_jobs': -1, 'random_state': 42}",0.9936791480590862,0.10903469598076262,0.7515630367571281,0.01381063625120242,0.12889927167788923,0.3993973577452137,0.395815189571625,234
30,1.5734122753143311,0.04906311535620023,0.5406561851501465,0.07338234517052025,balanced,gini,6,auto,200,-1,0,"{'class_weight': 'balanced', 'criterion': 'gini', 'max_depth': 6, 'max_features': 'auto', 'n_estimators': 200, 'n_jobs': -1, 'random_state': 0}",0.9936791480590862,0.10903469598076262,0.7515630367571281,0.01381063625120242,0.1289679813109798,0.3994110996718318,0.39580579925171067,228
31,1.2848466396331788,0.07241507278989097,0.47803406715393065,0.07160666422930065,balanced,gini,6,auto,200,-1,10,"{'class_weight': 'balanced', 'criterion': 'gini', 'max_depth': 6, 'max_features': 'auto', 'n_estimators': 200, 'n_jobs': -1, 'random_state': 10}",0.9936791480590862,0.10903469598076262,0.7515630367571281,0.01381063625120242,0.12992991617424762,0.39960348664448536,0.39567451182334396,162
32,1.2301284313201903,0.020189820183982434,0.4742003917694092,0.028159504866958673,balanced,gini,6,auto,200,-1,42,"{'class_weight': 'balanced', 'criterion': 'gini', 'max_depth': 6, 'max_features': 'auto', 'n_estimators': 200, 'n_jobs': -1, 'random_state': 42}",0.9936791480590862,0.10951563036757128,0.7515630367571281,0.01381063625120242,0.12889927167788923,0.39949354462257547,0.3957446691337836,202
33,1.973642635345459,0.2687344272045926,0.7322381973266602,0.07983541711528608,balanced,gini,6,auto,300,-1,0,"{'class_weight': 'balanced', 'criterion': 'gini', 'max_depth': 6, 'max_features': 'auto', 'n_estimators': 300, 'n_jobs': -1, 'random_state': 0}",0.9936791480590862,0.10903469598076262,0.7515630367571281,0.01381063625120242,0.12992991617424762,0.39960348664448536,0.39567451182334396,162
34,2.067612314224243,0.17356507452911932,0.8378200531005859,0.18179290967819473,balanced,gini,6,auto,300,-1,10,"{'class_weight': 'balanced', 'criterion': 'gini', 'max_depth': 6, 'max_features': 'auto', 'n_estimators': 300, 'n_jobs': -1, 'random_state': 10}",0.9936791480590862,0.10903469598076262,0.7515630367571281,0.01381063625120242,0.12992991617424762,0.39960348664448536,0.39567451182334396,162
35,2.035145711898804,0.12252701706860193,0.7315800189971924,0.038249571348726495,balanced,gini,6,auto,300,-1,42,"{'class_weight': 'balanced', 'criterion': 'gini', 'max_depth': 6, 'max_features': 'auto', 'n_estimators': 300, 'n_jobs': -1, 'random_state': 42}",0.9936791480590862,0.10951563036757128,0.7515630367571281,0.01381063625120242,0.12992991617424762,0.3996996735218471,0.3956039161902188,48
36,0.5668439388275146,0.036633555292360453,0.19364533424377442,0.012888362992059288,balanced,gini,7,auto,50,-1,0,"{'class_weight': 'balanced', 'criterion': 'gini', 'max_depth': 7, 'max_features': 'auto', 'n_estimators': 50, 'n_jobs': -1, 'random_state': 0}",0.9936791480590862,0.10910340089316387,0.7515630367571281,0.01381063625120242,0.12999862580733818,0.3996309695535838,0.39565505603928647,91
37,0.6279536247253418,0.05293774785323166,0.20652451515197753,0.021532362526613783,balanced,gini,7,auto,50,-1,10,"{'class_weight': 'balanced', 'criterion': 'gini', 'max_depth': 7, 'max_features': 'auto', 'n_estimators': 50, 'n_jobs': -1, 'random_state': 10}",0.9936791480590862,0.10910340089316387,0.7515630367571281,0.01381063625120242,0.1289679813109798,0.3994248406543121,0.39579571923202034,209
38,0.5644327640533447,0.031247253934979704,0.2033073902130127,0.003982749921420519,balanced,gini,7,auto,50,-1,42,"{'class_weight': 'balanced', 'criterion': 'gini', 'max_depth': 7, 'max_features': 'auto', 'n_estimators': 50, 'n_jobs': -1, 'random_state': 42}",0.9936791480590862,0.10958433527997252,0.7515630367571281,0.01381063625120242,0.12972378727497594,0.399672188724473,0.39562196008446077,60
39,0.792709493637085,0.043466974264726406,0.3072827816009521,0.006362220869016881,balanced,gini,7,auto,100,-1,0,"{'class_weight': 'balanced', 'criterion': 'gini', 'max_depth': 7, 'max_features': 'auto', 'n_estimators': 100, 'n_jobs': -1, 'random_state': 0}",0.9936791480590862,0.10910340089316387,0.7515630367571281,0.01381063625120242,0.12992991617424762,0.39961722762696567,0.3956644217775669,102
40,0.8022618770599366,0.03414796245750549,0.29696245193481446,0.010348470485464329,balanced,gini,7,auto,100,-1,10,"{'class_weight': 'balanced', 'criterion': 'gini', 'max_depth': 7, 'max_features': 'auto', 'n_estimators': 100, 'n_jobs': -1, 'random_state': 10}",0.9936791480590862,0.10910340089316387,0.7515630367571281,0.01381063625120242,0.12992991617424762,0.39961722762696567,0.3956644217775669,102
41,0.81309814453125,0.08447761688883856,0.280410099029541,0.01301822754572909,balanced,gini,7,auto,100,-1,42,"{'class_weight': 'balanced', 'criterion': 'gini', 'max_depth': 7, 'max_features': 'auto', 'n_estimators': 100, 'n_jobs': -1, 'random_state': 42}",0.9936791480590862,0.10910340089316387,0.7515630367571281,0.01381063625120242,0.1289679813109798,0.3994248406543121,0.39579571923202034,209
42,1.3103800296783448,0.06603393579616886,0.5293162822723388,0.03734155727705661,balanced,gini,7,auto,200,-1,0,"{'class_weight': 'balanced', 'criterion': 'gini', 'max_depth': 7, 'max_features': 'auto', 'n_estimators': 200, 'n_jobs': -1, 'random_state': 0}",0.9936791480590862,0.10910340089316387,0.7515630367571281,0.01381063625120242,0.12992991617424762,0.39961722762696567,0.3956644217775669,102
43,1.2489393711090089,0.0519473917273195,0.5030057430267334,0.06354470952216762,balanced,gini,7,auto,200,-1,10,"{'class_weight': 'balanced', 'criterion': 'gini', 'max_depth': 7, 'max_features': 'auto', 'n_estimators': 200, 'n_jobs': -1, 'random_state': 10}",0.9936791480590862,0.10910340089316387,0.7515630367571281,0.01381063625120242,0.12992991617424762,0.39961722762696567,0.3956644217775669,102
44,1.2771912574768067,0.052924614868449994,0.49018149375915526,0.04477312711293642,balanced,gini,7,auto,200,-1,42,"{'class_weight': 'balanced', 'criterion': 'gini', 'max_depth': 7, 'max_features': 'auto', 'n_estimators': 200, 'n_jobs': -1, 'random_state': 42}",0.9936791480590862,0.10958433527997252,0.7515630367571281,0.01381063625120242,0.12992991617424762,0.39971341450432735,0.39559383770805884,40
45,1.7003098964691161,0.03550502498797255,0.697020149230957,0.017602177366680415,balanced,gini,7,auto,300,-1,0,"{'class_weight': 'balanced', 'criterion': 'gini', 'max_depth': 7, 'max_features': 'auto', 'n_estimators': 300, 'n_jobs': -1, 'random_state': 0}",0.9936791480590862,0.10910340089316387,0.7515630367571281,0.01381063625120242,0.12992991617424762,0.39961722762696567,0.3956644217775669,102
46,1.611711597442627,0.12374643044704312,0.665911340713501,0.03272239713587453,balanced,gini,7,auto,300,-1,10,"{'class_weight': 'balanced', 'criterion': 'gini', 'max_depth': 7, 'max_features': 'auto', 'n_estimators': 300, 'n_jobs': -1, 'random_state': 10}",0.9936791480590862,0.10910340089316387,0.7515630367571281,0.01381063625120242,0.12992991617424762,0.39961722762696567,0.3956644217775669,102
47,1.694414234161377,0.031302332502565595,0.678492546081543,0.03457280493506575,balanced,gini,7,auto,300,-1,42,"{'class_weight': 'balanced', 'criterion': 'gini', 'max_depth': 7, 'max_features': 'auto', 'n_estimators': 300, 'n_jobs': -1, 'random_state': 42}",0.9936791480590862,0.10958433527997252,0.7515630367571281,0.01381063625120242,0.12992991617424762,0.39971341450432735,0.39559383770805884,40
48,0.4724592685699463,0.037514853219639877,0.1655029296875,0.018339917212299845,balanced,gini,8,auto,50,-1,0,"{'class_weight': 'balanced', 'criterion': 'gini', 'max_depth': 8, 'max_features': 'auto', 'n_estimators': 50, 'n_jobs': -1, 'random_state': 0}",0.9936791480590862,0.10910340089316387,0.7515630367571281,0.01381063625120242,0.12992991617424762,0.39961722762696567,0.3956644217775669,102
49,0.4934126853942871,0.005442180597062727,0.16921110153198243,0.007071123594751278,balanced,gini,8,auto,50,-1,10,"{'class_weight': 'balanced', 'criterion': 'gini', 'max_depth': 8, 'max_features': 'auto', 'n_estimators': 50, 'n_jobs': -1, 'random_state': 10}",0.9936791480590862,0.10910340089316387,0.7515630367571281,0.01381063625120242,0.1289679813109798,0.3994248406543121,0.39579571923202034,209
50,0.49816203117370605,0.0032978203063301,0.16893997192382812,0.01908510619896418,balanced,gini,8,auto,50,-1,42,"{'class_weight': 'balanced', 'criterion': 'gini', 'max_depth': 8, 'max_features': 'auto', 'n_estimators': 50, 'n_jobs': -1, 'random_state': 42}",0.9936791480590862,0.10958433527997252,0.7515630367571281,0.01381063625120242,0.12972378727497594,0.399672188724473,0.39562196008446077,60
51,0.688943338394165,0.011370493583426448,0.2747797012329102,0.005093255149972201,balanced,gini,8,auto,100,-1,0,"{'class_weight': 'balanced', 'criterion': 'gini', 'max_depth': 8, 'max_features': 'auto', 'n_estimators': 100, 'n_jobs': -1, 'random_state': 0}",0.9936791480590862,0.10910340089316387,0.7515630367571281,0.01381063625120242,0.12992991617424762,0.39961722762696567,0.3956644217775669,102
52,0.7289654731750488,0.025380291487583216,0.27495541572570803,0.014649017420449162,balanced,gini,8,auto,100,-1,10,"{'class_weight': 'balanced', 'criterion': 'gini', 'max_depth': 8, 'max_features': 'auto', 'n_estimators': 100, 'n_jobs': -1, 'random_state': 10}",0.9936791480590862,0.10910340089316387,0.7515630367571281,0.01381063625120242,0.12999862580733818,0.3996309695535838,0.39565505603928647,91
53,0.7367559432983398,0.0473284037339572,0.27542614936828613,0.003274640194869426,balanced,gini,8,auto,100,-1,42,"{'class_weight': 'balanced', 'criterion': 'gini', 'max_depth': 8, 'max_features': 'auto', 'n_estimators': 100, 'n_jobs': -1, 'random_state': 42}",0.9936791480590862,0.10910340089316387,0.7515630367571281,0.01381063625120242,0.1289679813109798,0.3994248406543121,0.39579571923202034,209
54,1.2717206001281738,0.09265563491557172,0.49951658248901365,0.04008317688971909,balanced,gini,8,auto,200,-1,0,"{'class_weight': 'balanced', 'criterion': 'gini', 'max_depth': 8, 'max_features': 'auto', 'n_estimators': 200, 'n_jobs': -1, 'random_state': 0}",0.9936791480590862,0.10910340089316387,0.7515630367571281,0.01381063625120242,0.12992991617424762,0.39961722762696567,0.3956644217775669,102
55,1.2978984355926513,0.08007134098237227,0.5029247283935547,0.03280201634508492,balanced,gini,8,auto,200,-1,10,"{'class_weight': 'balanced', 'criterion': 'gini', 'max_depth': 8, 'max_features': 'auto', 'n_estimators': 200, 'n_jobs': -1, 'random_state': 10}",0.9936791480590862,0.10910340089316387,0.7515630367571281,0.01381063625120242,0.12992991617424762,0.39961722762696567,0.3956644217775669,102
56,1.2644103050231934,0.02044994921433112,0.474683952331543,0.04344955489873307,balanced,gini,8,auto,200,-1,42,"{'class_weight': 'balanced', 'criterion': 'gini', 'max_depth': 8, 'max_features': 'auto', 'n_estimators': 200, 'n_jobs': -1, 'random_state': 42}",0.9936791480590862,0.10910340089316387,0.7515630367571281,0.01381063625120242,0.12992991617424762,0.39961722762696567,0.3956644217775669,102
57,1.7924224853515625,0.0514371821681057,0.6852275371551514,0.012137030638339728,balanced,gini,8,auto,300,-1,0,"{'class_weight': 'balanced', 'criterion': 'gini', 'max_depth': 8, 'max_features': 'auto', 'n_estimators': 300, 'n_jobs': -1, 'random_state': 0}",0.9936791480590862,0.10910340089316387,0.7515630367571281,0.01381063625120242,0.12992991617424762,0.39961722762696567,0.3956644217775669,102
58,1.6994563102722169,0.038626624948612166,0.7036775112152099,0.02366915223419649,balanced,gini,8,auto,300,-1,10,"{'class_weight': 'balanced', 'criterion': 'gini', 'max_depth': 8, 'max_features': 'auto', 'n_estimators': 300, 'n_jobs': -1, 'random_state': 10}",0.9936791480590862,0.10910340089316387,0.7515630367571281,0.01381063625120242,0.12992991617424762,0.39961722762696567,0.3956644217775669,102
59,1.7368267059326172,0.06309025021299934,0.6679643630981446,0.022890924800992626,balanced,gini,8,auto,300,-1,42,"{'class_weight': 'balanced', 'criterion': 'gini', 'max_depth': 8, 'max_features': 'auto', 'n_estimators': 300, 'n_jobs': -1, 'random_state': 42}",0.9936791480590862,0.10910340089316387,0.7515630367571281,0.01381063625120242,0.12992991617424762,0.39961722762696567,0.3956644217775669,102
60,0.48577275276184084,0.007880413380481212,0.1834989070892334,0.00879458555823957,balanced,entropy,4,auto,50,-1,0,"{'class_weight': 'balanced', 'criterion': 'entropy', 'max_depth': 4, 'max_features': 'auto', 'n_estimators': 50, 'n_jobs': -1, 'random_state': 0}",0.9936791480590862,0.10924081071796633,0.7508072827207145,0.01381063625120242,0.13068572213824378,0.3996447199774427,0.39540697020043214,79
61,0.4871677875518799,0.016524617607686594,0.18182954788208008,0.003936432910387363,balanced,entropy,4,auto,50,-1,10,"{'class_weight': 'balanced', 'criterion': 'entropy', 'max_depth': 4, 'max_features': 'auto', 'n_estimators': 50, 'n_jobs': -1, 'random_state': 10}",0.9936791480590862,0.10917210580556509,0.7508072827207145,0.01374192661811186,0.1313728184691494,0.3997546563345254,0.395337098040128,30
62,0.48719072341918945,0.009277907322738293,0.184682035446167,0.004949591076167121,balanced,entropy,4,auto,50,-1,42,"{'class_weight': 'balanced', 'criterion': 'entropy', 'max_depth': 4, 'max_features': 'auto', 'n_estimators': 50, 'n_jobs': -1, 'random_state': 42}",0.9936791480590862,0.10917210580556509,0.7508072827207145,0.013604507351930742,0.130342173972791,0.39952104358201745,0.39550403724155236,194
63,0.6653502464294434,0.015953959687192876,0.28294882774353025,0.006054813773631768,balanced,entropy,4,auto,100,-1,0,"{'class_weight': 'balanced', 'criterion': 'entropy', 'max_depth': 4, 'max_features': 'auto', 'n_estimators': 100, 'n_jobs': -1, 'random_state': 0}",0.9936791480590862,0.10924081071796633,0.7508072827207145,0.01381063625120242,0.1315102377353305,0.3998096230968601,0.3952949234429435,14
64,0.6732131004333496,0.0145666384148529,0.28997459411621096,0.007086651265448268,balanced,entropy,4,auto,100,-1,10,"{'class_weight': 'balanced', 'criterion': 'entropy', 'max_depth': 4, 'max_features': 'auto', 'n_estimators': 100, 'n_jobs': -1, 'random_state': 10}",0.9936791480590862,0.10924081071796633,0.7508072827207145,0.01374192661811186,0.1313728184691494,0.3997683973170057,0.39532699890416845,27
65,0.6846185207366944,0.023061255277694186,0.2908358573913574,0.006362585146674525,balanced,entropy,4,auto,100,-1,42,"{'class_weight': 'balanced', 'criterion': 'entropy', 'max_depth': 4, 'max_features': 'auto', 'n_estimators': 100, 'n_jobs': -1, 'random_state': 42}",0.9936791480590862,0.10917210580556509,0.7508072827207145,0.01374192661811186,0.12958636800879483,0.3993973662424545,0.3955802220217177,231
66,1.152575635910034,0.038803476518966935,0.5243036270141601,0.02363948951908138,balanced,entropy,4,auto,200,-1,0,"{'class_weight': 'balanced', 'criterion': 'entropy', 'max_depth': 4, 'max_features': 'auto', 'n_estimators': 200, 'n_jobs': -1, 'random_state': 0}",0.9936791480590862,0.10924081071796633,0.7508072827207145,0.01381063625120242,0.13006733544042876,0.3995210426378797,0.39549116492537645,195
67,1.1746084213256835,0.02875327038385199,0.5392414093017578,0.018888203691474474,balanced,entropy,4,auto,200,-1,10,"{'class_weight': 'balanced', 'criterion': 'entropy', 'max_depth': 4, 'max_features': 'auto', 'n_estimators': 200, 'n_jobs': -1, 'random_state': 10}",0.9936791480590862,0.10924081071796633,0.7508072827207145,0.01374192661811186,0.13061701250515323,0.3996172361242064,0.3954297275788488,98
68,1.1748030662536622,0.02058225543925874,0.5209982395172119,0.030150469539046702,balanced,entropy,4,auto,200,-1,42,"{'class_weight': 'balanced', 'criterion': 'entropy', 'max_depth': 4, 'max_features': 'auto', 'n_estimators': 200, 'n_jobs': -1, 'random_state': 42}",0.9936791480590862,0.10924081071796633,0.7508072827207145,0.01381063625120242,0.1315102377353305,0.3998096230968601,0.3952949234429435,14
69,1.550168514251709,0.16793540898390266,0.6706497192382812,0.018622442314440723,balanced,entropy,4,auto,300,-1,0,"{'class_weight': 'balanced', 'criterion': 'entropy', 'max_depth': 4, 'max_features': 'auto', 'n_estimators': 300, 'n_jobs': -1, 'random_state': 0}",0.9936791480590862,0.10924081071796633,0.7508072827207145,0.01381063625120242,0.13068572213824378,0.3996447199774427,0.39540697020043214,79
70,1.5490290641784668,0.15388602394192263,0.6761109352111816,0.019653371976770997,balanced,entropy,4,auto,300,-1,10,"{'class_weight': 'balanced', 'criterion': 'entropy', 'max_depth': 4, 'max_features': 'auto', 'n_estimators': 300, 'n_jobs': -1, 'random_state': 10}",0.9936791480590862,0.10924081071796633,0.7508072827207145,0.01374192661811186,0.13061701250515323,0.3996172361242064,0.3954297275788488,98
71,1.5956324100494386,0.1054930919342469,0.6622210025787354,0.032297686949914285,balanced,entropy,4,auto,300,-1,42,"{'class_weight': 'balanced', 'criterion': 'entropy', 'max_depth': 4, 'max_features': 'auto', 'n_estimators': 300, 'n_jobs': -1, 'random_state': 42}",0.9936791480590862,0.10924081071796633,0.7508072827207145,0.01381063625120242,0.1315102377353305,0.3998096230968601,0.3952949234429435,14
72,0.4915744781494141,0.013897498531411612,0.18198604583740235,0.00833897384407926,balanced,entropy,5,auto,50,-1,0,"{'class_weight': 'balanced', 'criterion': 'entropy', 'max_depth': 5, 'max_features': 'auto', 'n_estimators': 50, 'n_jobs': -1, 'random_state': 0}",0.9936791480590862,0.10951563036757128,0.7513569220199244,0.01381063625120242,0.12992991617424762,0.3996584505744064,0.39556725801373566,69
73,0.48544950485229493,0.006279493950380976,0.18171768188476561,0.005028693371148516,balanced,entropy,5,auto,50,-1,10,"{'class_weight': 'balanced', 'criterion': 'entropy', 'max_depth': 5, 'max_features': 'auto', 'n_estimators': 50, 'n_jobs': -1, 'random_state': 10}",0.9936791480590862,0.10903469598076262,0.7513569220199244,0.01381063625120242,0.12986120654115707,0.39954852177042655,0.3956472163116092,191
74,0.48423190116882325,0.013558238989515683,0.1798527717590332,0.013024151567884482,balanced,entropy,5,auto,50,-1,42,"{'class_weight': 'balanced', 'criterion': 'entropy', 'max_depth': 5, 'max_features': 'auto', 'n_estimators': 50, 'n_jobs': -1, 'random_state': 42}",0.9936791480590862,0.10951563036757128,0.7513569220199244,0.01381063625120242,0.12979249690806652,0.3996309667211702,0.3955860020183477,96
75,0.6797795772552491,0.010930708950133029,0.2863597869873047,0.009625849671885992,balanced,entropy,5,auto,100,-1,0,"{'class_weight': 'balanced', 'criterion': 'entropy', 'max_depth': 5, 'max_features': 'auto', 'n_estimators': 100, 'n_jobs': -1, 'random_state': 0}",0.9936791480590862,0.10951563036757128,0.7513569220199244,0.01381063625120242,0.12992991617424762,0.3996584505744064,0.39556725801373566,69
76,0.68324294090271,0.017504687743496856,0.2911400318145752,0.007185775055440964,balanced,entropy,5,auto,100,-1,10,"{'class_weight': 'balanced', 'criterion': 'entropy', 'max_depth': 5, 'max_features': 'auto', 'n_estimators': 100, 'n_jobs': -1, 'random_state': 10}",0.9936791480590862,0.10951563036757128,0.7511508072827208,0.01381063625120242,0.13082314140442491,0.39979587267300115,0.39540894952756783,24
77,0.6900456428527832,0.01787307412686329,0.2786522388458252,0.007663661003008299,balanced,entropy,5,auto,100,-1,42,"{'class_weight': 'balanced', 'criterion': 'entropy', 'max_depth': 5, 'max_features': 'auto', 'n_estimators': 100, 'n_jobs': -1, 'random_state': 42}",0.9936791480590862,0.10951563036757128,0.7513569220199244,0.01381063625120242,0.12972378727497594,0.3996172247945521,0.39559537655175425,161
78,1.186083698272705,0.016251257347521655,0.5316770076751709,0.017923228755089296,balanced,entropy,5,auto,200,-1,0,"{'class_weight': 'balanced', 'criterion': 'entropy', 'max_depth': 5, 'max_features': 'auto', 'n_estimators': 200, 'n_jobs': -1, 'random_state': 0}",0.9936791480590862,0.10951563036757128,0.7513569220199244,0.01381063625120242,0.12992991617424762,0.3996584505744064,0.39556725801373566,69
79,1.1717853546142578,0.008863577908217558,0.5278654575347901,0.019942660655273618,balanced,entropy,5,auto,200,-1,10,"{'class_weight': 'balanced', 'criterion': 'entropy', 'max_depth': 5, 'max_features': 'auto', 'n_estimators': 200, 'n_jobs': -1, 'random_state': 10}",0.9936791480590862,0.10903469598076262,0.7515630367571281,0.01381063625120242,0.12992991617424762,0.39960348664448536,0.39567451182334396,162
80,1.1831278324127197,0.014194691138409208,0.515662670135498,0.014673514486177394,balanced,entropy,5,auto,200,-1,42,"{'class_weight': 'balanced', 'criterion': 'entropy', 'max_depth': 5, 'max_features': 'auto', 'n_estimators': 200, 'n_jobs': -1, 'random_state': 42}",0.9936791480590862,0.10951563036757128,0.7513569220199244,0.01381063625120242,0.12992991617424762,0.3996584505744064,0.39556725801373566,69
81,1.6952418327331542,0.0346040861352613,0.6679204940795899,0.02911959439609183,balanced,entropy,5,auto,300,-1,0,"{'class_weight': 'balanced', 'criterion': 'entropy', 'max_depth': 5, 'max_features': 'auto', 'n_estimators': 300, 'n_jobs': -1, 'random_state': 0}",0.9936791480590862,0.10951563036757128,0.7513569220199244,0.01381063625120242,0.12999862580733818,0.39967219250102454,0.39555788854276996,53
82,1.4417227745056151,0.10641157910618544,0.6601974487304687,0.029642224618566356,balanced,entropy,5,auto,300,-1,10,"{'class_weight': 'balanced', 'criterion': 'entropy', 'max_depth': 5, 'max_features': 'auto', 'n_estimators': 300, 'n_jobs': -1, 'random_state': 10}",0.9936791480590862,0.10903469598076262,0.7515630367571281,0.01381063625120242,0.12883056204479867,0.3993836158185956,0.39582458157709427,236
83,1.6655905723571778,0.017444647499841454,0.6655593872070312,0.039070670293219624,balanced,entropy,5,auto,300,-1,42,"{'class_weight': 'balanced', 'criterion': 'entropy', 'max_depth': 5, 'max_features': 'auto', 'n_estimators': 300, 'n_jobs': -1, 'random_state': 42}",0.9936791480590862,0.10951563036757128,0.7515630367571281,0.01381063625120242,0.12992991617424762,0.3996996735218471,0.3956039161902188,48
84,0.49889507293701174,0.005797365740859141,0.17244796752929686,0.008910277981185885,balanced,entropy,6,auto,50,-1,0,"{'class_weight': 'balanced', 'criterion': 'entropy', 'max_depth': 6, 'max_features': 'auto', 'n_estimators': 50, 'n_jobs': -1, 'random_state': 0}",0.9936791480590862,0.10951563036757128,0.7515630367571281,0.01381063625120242,0.13109797993678715,0.39993328627435504,0.3954448551866561,1
85,0.5172164440155029,0.012879052119367873,0.1819535732269287,0.0039818841277545316,balanced,entropy,6,auto,50,-1,10,"{'class_weight': 'balanced', 'criterion': 'entropy', 'max_depth': 6, 'max_features': 'auto', 'n_estimators': 50, 'n_jobs': -1, 'random_state': 10}",0.9936791480590862,0.10903469598076262,0.7515630367571281,0.01381063625120242,0.12903669094407036,0.39942484159844993,0.39579641061747123,206
86,0.5069862842559815,0.015434593918241778,0.17881836891174316,0.012774224199432851,balanced,entropy,6,auto,50,-1,42,"{'class_weight': 'balanced', 'criterion': 'entropy', 'max_depth': 6, 'max_features': 'auto', 'n_estimators': 50, 'n_jobs': -1, 'random_state': 42}",0.9936791480590862,0.10951563036757128,0.7515630367571281,0.01381063625120242,0.13061701250515323,0.39983709278802826,0.3955102917966502,12
87,0.6974194049835205,0.011674962015631075,0.2898124694824219,0.005148506054584814,balanced,entropy,6,auto,100,-1,0,"{'class_weight': 'balanced', 'criterion': 'entropy', 'max_depth': 6, 'max_features': 'auto', 'n_estimators': 100, 'n_jobs': -1, 'random_state': 0}",0.9936791480590862,0.10903469598076262,0.7515630367571281,0.01381063625120242,0.12992991617424762,0.39960348664448536,0.39567451182334396,162
88,0.693133544921875,0.011744517235929874,0.28356080055236815,0.017317925932042958,balanced,entropy,6,auto,100,-1,10,"{'class_weight': 'balanced', 'criterion': 'entropy', 'max_depth': 6, 'max_features': 'auto', 'n_estimators': 100, 'n_jobs': -1, 'random_state': 10}",0.9936791480590862,0.10903469598076262,0.7515630367571281,0.01381063625120242,0.12992991617424762,0.39960348664448536,0.39567451182334396,162
89,0.6785663604736328,0.014651420475958086,0.290086555480957,0.009087248747576786,balanced,entropy,6,auto,100,-1,42,"{'class_weight': 'balanced', 'criterion': 'entropy', 'max_depth': 6, 'max_features': 'auto', 'n_estimators': 100, 'n_jobs': -1, 'random_state': 42}",0.9936791480590862,0.10903469598076262,0.7515630367571281,0.01381063625120242,0.1289679813109798,0.3994110996718318,0.39580579925171067,228
90,1.1756736755371093,0.06767182826956857,0.4982002735137939,0.03718401054257164,balanced,entropy,6,auto,200,-1,0,"{'class_weight': 'balanced', 'criterion': 'entropy', 'max_depth': 6, 'max_features': 'auto', 'n_estimators': 200, 'n_jobs': -1, 'random_state': 0}",0.9936791480590862,0.10903469598076262,0.7515630367571281,0.01381063625120242,0.12992991617424762,0.39960348664448536,0.39567451182334396,162
91,1.1828514099121095,0.019652872299354605,0.5316450595855713,0.028510761426228586,balanced,entropy,6,auto,200,-1,10,"{'class_weight': 'balanced', 'criterion': 'entropy', 'max_depth': 6, 'max_features': 'auto', 'n_estimators': 200, 'n_jobs': -1, 'random_state': 10}",0.9936791480590862,0.10903469598076262,0.7515630367571281,0.01381063625120242,0.12992991617424762,0.39960348664448536,0.39567451182334396,162
92,1.2307240962982178,0.047417608563459133,0.5262357711791992,0.03298413414035039,balanced,entropy,6,auto,200,-1,42,"{'class_weight': 'balanced', 'criterion': 'entropy', 'max_depth': 6, 'max_features': 'auto', 'n_estimators': 200, 'n_jobs': -1, 'random_state': 42}",0.9936791480590862,0.10951563036757128,0.7515630367571281,0.01381063625120242,0.1289679813109798,0.3995072865491936,0.39573527380041046,196
93,1.6817177295684815,0.022180184354439126,0.6987558364868164,0.02394814274063437,balanced,entropy,6,auto,300,-1,0,"{'class_weight': 'balanced', 'criterion': 'entropy', 'max_depth': 6, 'max_features': 'auto', 'n_estimators': 300, 'n_jobs': -1, 'random_state': 0}",0.9936791480590862,0.10903469598076262,0.7515630367571281,0.01381063625120242,0.12992991617424762,0.39960348664448536,0.39567451182334396,162
94,1.650101089477539,0.11017527676181002,0.7106881618499756,0.024748996961733473,balanced,entropy,6,auto,300,-1,10,"{'class_weight': 'balanced', 'criterion': 'entropy', 'max_depth': 6, 'max_features': 'auto', 'n_estimators': 300, 'n_jobs': -1, 'random_state': 10}",0.9936791480590862,0.10903469598076262,0.7515630367571281,0.01381063625120242,0.12992991617424762,0.39960348664448536,0.39567451182334396,162
95,1.7375585556030273,0.07283411825791011,0.7004086971282959,0.029820945578213978,balanced,entropy,6,auto,300,-1,42,"{'class_weight': 'balanced', 'criterion': 'entropy', 'max_depth': 6, 'max_features': 'auto', 'n_estimators': 300, 'n_jobs': -1, 'random_state': 42}",0.9936791480590862,0.10958433527997252,0.7515630367571281,0.01381063625120242,0.12992991617424762,0.39971341450432735,0.39559383770805884,40
96,0.4938248634338379,0.008678003840886003,0.19056248664855957,0.006865388376773645,balanced,entropy,7,auto,50,-1,0,"{'class_weight': 'balanced', 'criterion': 'entropy', 'max_depth': 7, 'max_features': 'auto', 'n_estimators': 50, 'n_jobs': -1, 'random_state': 0}",0.9936791480590862,0.10910340089316387,0.7515630367571281,0.01381063625120242,0.12999862580733818,0.3996309695535838,0.39565505603928647,91
97,0.49535527229309084,0.01273874104305606,0.18702125549316406,0.005284799604873081,balanced,entropy,7,auto,50,-1,10,"{'class_weight': 'balanced', 'criterion': 'entropy', 'max_depth': 7, 'max_features': 'auto', 'n_estimators': 50, 'n_jobs': -1, 'random_state': 10}",0.9936791480590862,0.10910340089316387,0.7515630367571281,0.01381063625120242,0.1289679813109798,0.3994248406543121,0.39579571923202034,209
98,0.5020173549652099,0.00527443328344066,0.1862647533416748,0.0051244573691030275,balanced,entropy,7,auto,50,-1,42,"{'class_weight': 'balanced', 'criterion': 'entropy', 'max_depth': 7, 'max_features': 'auto', 'n_estimators': 50, 'n_jobs': -1, 'random_state': 42}",0.9936791480590862,0.10958433527997252,0.7515630367571281,0.01381063625120242,0.13075443177133433,0.3998783176237447,0.3954815001031797,8
99,0.7014137268066406,0.01619469256365065,0.2909461498260498,0.016790626613967574,balanced,entropy,7,auto,100,-1,0,"{'class_weight': 'balanced', 'criterion': 'entropy', 'max_depth': 7, 'max_features': 'auto', 'n_estimators': 100, 'n_jobs': -1, 'random_state': 0}",0.9936791480590862,0.10910340089316387,0.7515630367571281,0.01381063625120242,0.1289679813109798,0.3994248406543121,0.39579571923202034,209
100,0.752880048751831,0.03174398061847719,0.28490757942199707,0.017244795704047605,balanced,entropy,7,auto,100,-1,10,"{'class_weight': 'balanced', 'criterion': 'entropy', 'max_depth': 7, 'max_features': 'auto', 'n_estimators': 100, 'n_jobs': -1, 'random_state': 10}",0.9936791480590862,0.10910340089316387,0.7515630367571281,0.01381063625120242,0.12992991617424762,0.39961722762696567,0.3956644217775669,102
101,0.7305178165435791,0.03153227597539735,0.2928487777709961,0.019522342502509393,balanced,entropy,7,auto,100,-1,42,"{'class_weight': 'balanced', 'criterion': 'entropy', 'max_depth': 7, 'max_features': 'auto', 'n_estimators': 100, 'n_jobs': -1, 'random_state': 42}",0.9936791480590862,0.10910340089316387,0.7515630367571281,0.01381063625120242,0.1289679813109798,0.3994248406543121,0.39579571923202034,209
102,1.2275075912475586,0.03845814240649479,0.5314079284667969,0.04076652725552487,balanced,entropy,7,auto,200,-1,0,"{'class_weight': 'balanced', 'criterion': 'entropy', 'max_depth': 7, 'max_features': 'auto', 'n_estimators': 200, 'n_jobs': -1, 'random_state': 0}",0.9936791480590862,0.10910340089316387,0.7515630367571281,0.01381063625120242,0.12992991617424762,0.39961722762696567,0.3956644217775669,102
103,1.2043563365936278,0.035925713289668953,0.5000142574310302,0.04317510886048603,balanced,entropy,7,auto,200,-1,10,"{'class_weight': 'balanced', 'criterion': 'entropy', 'max_depth': 7, 'max_features': 'auto', 'n_estimators': 200, 'n_jobs': -1, 'random_state': 10}",0.9936791480590862,0.10910340089316387,0.7515630367571281,0.01381063625120242,0.12992991617424762,0.39961722762696567,0.3956644217775669,102
104,1.206196403503418,0.026595163157890504,0.5326416492462158,0.05787226396995122,balanced,entropy,7,auto,200,-1,42,"{'class_weight': 'balanced', 'criterion': 'entropy', 'max_depth': 7, 'max_features': 'auto', 'n_estimators': 200, 'n_jobs': -1, 'random_state': 42}",0.9936791480590862,0.10958433527997252,0.7515630367571281,0.01381063625120242,0.12992991617424762,0.39971341450432735,0.39559383770805884,40
105,1.6844507217407227,0.13136917908885562,0.6567321300506592,0.03686087866998226,balanced,entropy,7,auto,300,-1,0,"{'class_weight': 'balanced', 'criterion': 'entropy', 'max_depth': 7, 'max_features': 'auto', 'n_estimators': 300, 'n_jobs': -1, 'random_state': 0}",0.9936791480590862,0.10910340089316387,0.7515630367571281,0.01381063625120242,0.12992991617424762,0.39961722762696567,0.3956644217775669,102
106,1.7341739654541015,0.03709766073955969,0.6925074577331543,0.022218184855568084,balanced,entropy,7,auto,300,-1,10,"{'class_weight': 'balanced', 'criterion': 'entropy', 'max_depth': 7, 'max_features': 'auto', 'n_estimators': 300, 'n_jobs': -1, 'random_state': 10}",0.9936791480590862,0.10910340089316387,0.7515630367571281,0.01381063625120242,0.12992991617424762,0.39961722762696567,0.3956644217775669,102
107,1.6516632556915283,0.12344629431324963,0.704451608657837,0.016473695849492605,balanced,entropy,7,auto,300,-1,42,"{'class_weight': 'balanced', 'criterion': 'entropy', 'max_depth': 7, 'max_features': 'auto', 'n_estimators': 300, 'n_jobs': -1, 'random_state': 42}",0.9936791480590862,0.10958433527997252,0.7515630367571281,0.01381063625120242,0.12992991617424762,0.39971341450432735,0.39559383770805884,40
108,0.4943994998931885,0.012089712808970431,0.17257227897644042,0.007963274789012612,balanced,entropy,8,auto,50,-1,0,"{'class_weight': 'balanced', 'criterion': 'entropy', 'max_depth': 8, 'max_features': 'auto', 'n_estimators': 50, 'n_jobs': -1, 'random_state': 0}",0.9936791480590862,0.10910340089316387,0.7515630367571281,0.01381063625120242,0.12999862580733818,0.3996309695535838,0.39565505603928647,91
109,0.5015802383422852,0.006216983991533701,0.17505359649658203,0.0118492918901552,balanced,entropy,8,auto,50,-1,10,"{'class_weight': 'balanced', 'criterion': 'entropy', 'max_depth': 8, 'max_features': 'auto', 'n_estimators': 50, 'n_jobs': -1, 'random_state': 10}",0.9936791480590862,0.10910340089316387,0.7515630367571281,0.01381063625120242,0.1289679813109798,0.3994248406543121,0.39579571923202034,209
110,0.5103425025939942,0.013087715831885258,0.18801841735839844,0.006998954282587137,balanced,entropy,8,auto,50,-1,42,"{'class_weight': 'balanced', 'criterion': 'entropy', 'max_depth': 8, 'max_features': 'auto', 'n_estimators': 50, 'n_jobs': -1, 'random_state': 42}",0.9936791480590862,0.10958433527997252,0.7515630367571281,0.01381063625120242,0.12972378727497594,0.399672188724473,0.39562196008446077,60
111,0.7779434204101563,0.05251865990302159,0.3170599937438965,0.010843925611845164,balanced,entropy,8,auto,100,-1,0,"{'class_weight': 'balanced', 'criterion': 'entropy', 'max_depth': 8, 'max_features': 'auto', 'n_estimators': 100, 'n_jobs': -1, 'random_state': 0}",0.9936791480590862,0.10910340089316387,0.7515630367571281,0.01381063625120242,0.12992991617424762,0.39961722762696567,0.3956644217775669,102
112,0.7632286548614502,0.04576428098243824,0.287949800491333,0.013244661468165612,balanced,entropy,8,auto,100,-1,10,"{'class_weight': 'balanced', 'criterion': 'entropy', 'max_depth': 8, 'max_features': 'auto', 'n_estimators': 100, 'n_jobs': -1, 'random_state': 10}",0.9936791480590862,0.10910340089316387,0.7515630367571281,0.01381063625120242,0.12992991617424762,0.39961722762696567,0.3956644217775669,102
113,0.7733255863189697,0.03616323078520137,0.2801319122314453,0.01969374655437031,balanced,entropy,8,auto,100,-1,42,"{'class_weight': 'balanced', 'criterion': 'entropy', 'max_depth': 8, 'max_features': 'auto', 'n_estimators': 100, 'n_jobs': -1, 'random_state': 42}",0.9936791480590862,0.10910340089316387,0.7515630367571281,0.01381063625120242,0.1289679813109798,0.3994248406543121,0.39579571923202034,209
114,1.2200614929199218,0.028031854281934488,0.5218385219573974,0.05025695644507715,balanced,entropy,8,auto,200,-1,0,"{'class_weight': 'balanced', 'criterion': 'entropy', 'max_depth': 8, 'max_features': 'auto', 'n_estimators': 200, 'n_jobs': -1, 'random_state': 0}",0.9936791480590862,0.10910340089316387,0.7515630367571281,0.01381063625120242,0.12992991617424762,0.39961722762696567,0.3956644217775669,102
115,1.2868840217590332,0.10628310277864514,0.5271311283111573,0.03754206365220769,balanced,entropy,8,auto,200,-1,10,"{'class_weight': 'balanced', 'criterion': 'entropy', 'max_depth': 8, 'max_features': 'auto', 'n_estimators': 200, 'n_jobs': -1, 'random_state': 10}",0.9936791480590862,0.10910340089316387,0.7515630367571281,0.01381063625120242,0.12992991617424762,0.39961722762696567,0.3956644217775669,102
116,1.347452735900879,0.07580459614961353,0.5329409122467041,0.03140754418519159,balanced,entropy,8,auto,200,-1,42,"{'class_weight': 'balanced', 'criterion': 'entropy', 'max_depth': 8, 'max_features': 'auto', 'n_estimators': 200, 'n_jobs': -1, 'random_state': 42}",0.9936791480590862,0.10910340089316387,0.7515630367571281,0.01381063625120242,0.12992991617424762,0.39961722762696567,0.3956644217775669,102
117,1.9961500644683838,0.15356429588727138,0.8009044647216796,0.05991212217802745,balanced,entropy,8,auto,300,-1,0,"{'class_weight': 'balanced', 'criterion': 'entropy', 'max_depth': 8, 'max_features': 'auto', 'n_estimators': 300, 'n_jobs': -1, 'random_state': 0}",0.9936791480590862,0.10910340089316387,0.7515630367571281,0.01381063625120242,0.12992991617424762,0.39961722762696567,0.3956644217775669,102
118,2.1942808628082275,0.0787043769141953,0.8186345100402832,0.030465840412486858,balanced,entropy,8,auto,300,-1,10,"{'class_weight': 'balanced', 'criterion': 'entropy', 'max_depth': 8, 'max_features': 'auto', 'n_estimators': 300, 'n_jobs': -1, 'random_state': 10}",0.9936791480590862,0.10910340089316387,0.7515630367571281,0.01381063625120242,0.12992991617424762,0.39961722762696567,0.3956644217775669,102
119,2.252721405029297,0.1409766657635151,0.9219675064086914,0.09488409998931747,balanced,entropy,8,auto,300,-1,42,"{'class_weight': 'balanced', 'criterion': 'entropy', 'max_depth': 8, 'max_features': 'auto', 'n_estimators': 300, 'n_jobs': -1, 'random_state': 42}",0.9936791480590862,0.10910340089316387,0.7515630367571281,0.01381063625120242,0.12992991617424762,0.39961722762696567,0.3956644217775669,102
120,0.5511510372161865,0.02501860304797954,0.20325427055358886,0.014894717205132753,balanced_subsample,gini,4,auto,50,-1,0,"{'class_weight': 'balanced_subsample', 'criterion': 'gini', 'max_depth': 4, 'max_features': 'auto', 'n_estimators': 50, 'n_jobs': -1, 'random_state': 0}",0.9936791480590862,0.10924081071796633,0.7508072827207145,0.01381063625120242,0.13068572213824378,0.3996447199774427,0.39540697020043214,79
121,0.6264145851135254,0.057644349769748554,0.2258906841278076,0.036728501069093866,balanced_subsample,gini,4,auto,50,-1,10,"{'class_weight': 'balanced_subsample', 'criterion': 'gini', 'max_depth': 4, 'max_features': 'auto', 'n_estimators': 50, 'n_jobs': -1, 'random_state': 10}",0.9936791480590862,0.10917210580556509,0.7508072827207145,0.01374192661811186,0.1302734643397004,0.3995347855086356,0.3954865776890546,192
122,0.613316822052002,0.04903319776153322,0.24015431404113768,0.0568790585356061,balanced_subsample,gini,4,auto,50,-1,42,"{'class_weight': 'balanced_subsample', 'criterion': 'gini', 'max_depth': 4, 'max_features': 'auto', 'n_estimators': 50, 'n_jobs': -1, 'random_state': 42}",0.9936791480590862,0.10917210580556509,0.7508072827207145,0.01374192661811186,0.13082314140442491,0.3996447209215805,0.3954117837979985,76
123,0.8153231143951416,0.046369636239916745,0.34717788696289065,0.01646907055050888,balanced_subsample,gini,4,auto,100,-1,0,"{'class_weight': 'balanced_subsample', 'criterion': 'gini', 'max_depth': 4, 'max_features': 'auto', 'n_estimators': 100, 'n_jobs': -1, 'random_state': 0}",0.9936791480590862,0.10924081071796633,0.7508072827207145,0.01381063625120242,0.13075443177133433,0.3996584619040608,0.39539762367624887,63
124,0.8806239604949951,0.06193245240556693,0.3918879985809326,0.04155699675661068,balanced_subsample,gini,4,auto,100,-1,10,"{'class_weight': 'balanced_subsample', 'criterion': 'gini', 'max_depth': 4, 'max_features': 'auto', 'n_estimators': 100, 'n_jobs': -1, 'random_state': 10}",0.9936791480590862,0.10924081071796633,0.7508072827207145,0.01374192661811186,0.13061701250515323,0.3996172361242064,0.3954297275788488,98
125,0.916053056716919,0.07964412657005245,0.36090617179870604,0.022819391763182154,balanced_subsample,gini,4,auto,100,-1,42,"{'class_weight': 'balanced_subsample', 'criterion': 'gini', 'max_depth': 4, 'max_features': 'auto', 'n_estimators': 100, 'n_jobs': -1, 'random_state': 42}",0.9936791480590862,0.10917210580556509,0.7508072827207145,0.01374192661811186,0.12903669094407036,0.39928743082950957,0.3956552589881087,239
126,1.3430920124053956,0.07164688704798526,0.6500309467315674,0.11849030833764217,balanced_subsample,gini,4,auto,200,-1,0,"{'class_weight': 'balanced_subsample', 'criterion': 'gini', 'max_depth': 4, 'max_features': 'auto', 'n_estimators': 200, 'n_jobs': -1, 'random_state': 0}",0.9936791480590862,0.10924081071796633,0.7508072827207145,0.01381063625120242,0.13075443177133433,0.3996584619040608,0.39539762367624887,63
127,1.255640697479248,0.08446138374709736,0.5429886817932129,0.06029744641191629,balanced_subsample,gini,4,auto,200,-1,10,"{'class_weight': 'balanced_subsample', 'criterion': 'gini', 'max_depth': 4, 'max_features': 'auto', 'n_estimators': 200, 'n_jobs': -1, 'random_state': 10}",0.9936791480590862,0.10924081071796633,0.7508072827207145,0.01374192661811186,0.12848701387934588,0.39919123639904497,0.39572033483105984,240
128,1.20440993309021,0.030816460603949505,0.5034999370574951,0.043257639857511763,balanced_subsample,gini,4,auto,200,-1,42,"{'class_weight': 'balanced_subsample', 'criterion': 'gini', 'max_depth': 4, 'max_features': 'auto', 'n_estimators': 200, 'n_jobs': -1, 'random_state': 42}",0.9936791480590862,0.10917210580556509,0.7508072827207145,0.01381063625120242,0.1315102377353305,0.3997958821143798,0.3953050248313843,23
129,1.7060096263885498,0.04500528476671312,0.6631078720092773,0.024414109599731133,balanced_subsample,gini,4,auto,300,-1,0,"{'class_weight': 'balanced_subsample', 'criterion': 'gini', 'max_depth': 4, 'max_features': 'auto', 'n_estimators': 300, 'n_jobs': -1, 'random_state': 0}",0.9936791480590862,0.10924081071796633,0.7508072827207145,0.01381063625120242,0.13068572213824378,0.3996447199774427,0.39540697020043214,79
130,1.7313504219055176,0.035210189560533005,0.6777173042297363,0.020842938910806144,balanced_subsample,gini,4,auto,300,-1,10,"{'class_weight': 'balanced_subsample', 'criterion': 'gini', 'max_depth': 4, 'max_features': 'auto', 'n_estimators': 300, 'n_jobs': -1, 'random_state': 10}",0.9936791480590862,0.10924081071796633,0.7508072827207145,0.01374192661811186,0.12951765837570428,0.39939736529831665,0.395579515936387,233
131,1.6708170413970946,0.08716669695692139,0.7196186065673829,0.052599920325086896,balanced_subsample,gini,4,auto,300,-1,42,"{'class_weight': 'balanced_subsample', 'criterion': 'gini', 'max_depth': 4, 'max_features': 'auto', 'n_estimators': 300, 'n_jobs': -1, 'random_state': 42}",0.9936791480590862,0.10924081071796633,0.7508072827207145,0.01381063625120242,0.13075443177133433,0.3996584619040608,0.39539762367624887,63
132,0.5109303951263428,0.02813318161869341,0.18086185455322265,0.008691096883464328,balanced_subsample,gini,5,auto,50,-1,0,"{'class_weight': 'balanced_subsample', 'criterion': 'gini', 'max_depth': 5, 'max_features': 'auto', 'n_estimators': 50, 'n_jobs': -1, 'random_state': 0}",0.9936791480590862,0.10875987633115768,0.7513569220199244,0.01381063625120242,0.13096056067060602,0.39971342866639537,0.3955379782265793,36
133,0.5090120792388916,0.02683744989507439,0.18044772148132324,0.011580776598282631,balanced_subsample,gini,5,auto,50,-1,10,"{'class_weight': 'balanced_subsample', 'criterion': 'gini', 'max_depth': 5, 'max_features': 'auto', 'n_estimators': 50, 'n_jobs': -1, 'random_state': 10}",0.9936791480590862,0.10951563036757128,0.7513569220199244,0.01381063625120242,0.12986120654115707,0.3996447086477883,0.3955766291723016,86
134,0.5125677585601807,0.017244029058801572,0.17525172233581543,0.014763159697616704,balanced_subsample,gini,5,auto,50,-1,42,"{'class_weight': 'balanced_subsample', 'criterion': 'gini', 'max_depth': 5, 'max_features': 'auto', 'n_estimators': 50, 'n_jobs': -1, 'random_state': 42}",0.9936791480590862,0.10924081071796633,0.7511508072827208,0.01381063625120242,0.13075443177133433,0.39972716681646203,0.3954586590128385,35
135,0.7500850677490234,0.032797595610756,0.29587421417236326,0.011622016525097574,balanced_subsample,gini,5,auto,100,-1,0,"{'class_weight': 'balanced_subsample', 'criterion': 'gini', 'max_depth': 5, 'max_features': 'auto', 'n_estimators': 100, 'n_jobs': -1, 'random_state': 0}",0.9936791480590862,0.10951563036757128,0.7513569220199244,0.01381063625120242,0.12999862580733818,0.39967219250102454,0.39555788854276996,53
136,0.7184837818145752,0.016792454289580937,0.2963216304779053,0.011667185938795288,balanced_subsample,gini,5,auto,100,-1,10,"{'class_weight': 'balanced_subsample', 'criterion': 'gini', 'max_depth': 5, 'max_features': 'auto', 'n_estimators': 100, 'n_jobs': -1, 'random_state': 10}",0.9936791480590862,0.10951563036757128,0.7514256269323256,0.01381063625120242,0.13096056067060602,0.39987832045615834,0.3954391082489208,6
137,0.7516248226165771,0.03879232753939595,0.2849413871765137,0.019660470887282323,balanced_subsample,gini,5,auto,100,-1,42,"{'class_weight': 'balanced_subsample', 'criterion': 'gini', 'max_depth': 5, 'max_features': 'auto', 'n_estimators': 100, 'n_jobs': -1, 'random_state': 42}",0.9936791480590862,0.10951563036757128,0.7513569220199244,0.01381063625120242,0.12999862580733818,0.39967219250102454,0.39555788854276996,53
138,1.2426146030426026,0.037643545917666936,0.5156044960021973,0.03718079292074004,balanced_subsample,gini,5,auto,200,-1,0,"{'class_weight': 'balanced_subsample', 'criterion': 'gini', 'max_depth': 5, 'max_features': 'auto', 'n_estimators': 200, 'n_jobs': -1, 'random_state': 0}",0.9936791480590862,0.10903469598076262,0.7513569220199244,0.01381063625120242,0.12889927167788923,0.39935613479777293,0.3957785194757219,238
139,1.1784070014953614,0.05559878890990867,0.5223599910736084,0.03828102773072873,balanced_subsample,gini,5,auto,200,-1,10,"{'class_weight': 'balanced_subsample', 'criterion': 'gini', 'max_depth': 5, 'max_features': 'auto', 'n_estimators': 200, 'n_jobs': -1, 'random_state': 10}",0.9936791480590862,0.10951563036757128,0.7515630367571281,0.01381063625120242,0.12999862580733818,0.3997134154484653,0.3955945461555067,37
140,1.1749419212341308,0.04119771958574571,0.502927827835083,0.04031144486958976,balanced_subsample,gini,5,auto,200,-1,42,"{'class_weight': 'balanced_subsample', 'criterion': 'gini', 'max_depth': 5, 'max_features': 'auto', 'n_estimators': 200, 'n_jobs': -1, 'random_state': 42}",0.9936791480590862,0.10951563036757128,0.7513569220199244,0.01381063625120242,0.12965507764188539,0.39960348286793396,0.39560475277240115,186
141,1.6742578983306884,0.06693696501299568,0.6917545318603515,0.036313780482783296,balanced_subsample,gini,5,auto,300,-1,0,"{'class_weight': 'balanced_subsample', 'criterion': 'gini', 'max_depth': 5, 'max_features': 'auto', 'n_estimators': 300, 'n_jobs': -1, 'random_state': 0}",0.9936791480590862,0.10951563036757128,0.7515630367571281,0.01381063625120242,0.13102927030369657,0.3999195443477369,0.39545419820639377,3
142,1.6978220462799072,0.09182748873357419,0.8089741230010986,0.04336344053302448,balanced_subsample,gini,5,auto,300,-1,10,"{'class_weight': 'balanced_subsample', 'criterion': 'gini', 'max_depth': 5, 'max_features': 'auto', 'n_estimators': 300, 'n_jobs': -1, 'random_state': 10}",0.9936791480590862,0.10951563036757128,0.7515630367571281,0.01381063625120242,0.12889927167788923,0.39949354462257547,0.3957446691337836,202
143,2.4471094608306885,0.8916573596966195,0.7555170059204102,0.056337000958980615,balanced_subsample,gini,5,auto,300,-1,42,"{'class_weight': 'balanced_subsample', 'criterion': 'gini', 'max_depth': 5, 'max_features': 'auto', 'n_estimators': 300, 'n_jobs': -1, 'random_state': 42}",0.9936791480590862,0.10951563036757128,0.7513569220199244,0.01381063625120242,0.12965507764188539,0.39960348286793396,0.39560475277240115,186
144,0.5355527877807618,0.00794798344485648,0.1911107063293457,0.016334297459731344,balanced_subsample,gini,6,auto,50,-1,0,"{'class_weight': 'balanced_subsample', 'criterion': 'gini', 'max_depth': 6, 'max_features': 'auto', 'n_estimators': 50, 'n_jobs': -1, 'random_state': 0}",0.9936791480590862,0.10903469598076262,0.7515630367571281,0.01381063625120242,0.13102927030369657,0.3998233574703752,0.39552487403201586,13
145,0.5428514957427979,0.010349780585968768,0.18928074836730957,0.015028860532553966,balanced_subsample,gini,6,auto,50,-1,10,"{'class_weight': 'balanced_subsample', 'criterion': 'gini', 'max_depth': 6, 'max_features': 'auto', 'n_estimators': 50, 'n_jobs': -1, 'random_state': 10}",0.9936791480590862,0.10903469598076262,0.7515630367571281,0.01381063625120242,0.12883056204479867,0.3993836158185956,0.39582458157709427,236
146,0.5406894683837891,0.011163604424969786,0.19770755767822265,0.005380707119977886,balanced_subsample,gini,6,auto,50,-1,42,"{'class_weight': 'balanced_subsample', 'criterion': 'gini', 'max_depth': 6, 'max_features': 'auto', 'n_estimators': 50, 'n_jobs': -1, 'random_state': 42}",0.9936791480590862,0.10951563036757128,0.7515630367571281,0.01381063625120242,0.13075443177133433,0.39986457664126446,0.39549158717749067,11
147,0.8066220760345459,0.05012917899004564,0.30625500679016116,0.010628365100857719,balanced_subsample,gini,6,auto,100,-1,0,"{'class_weight': 'balanced_subsample', 'criterion': 'gini', 'max_depth': 6, 'max_features': 'auto', 'n_estimators': 100, 'n_jobs': -1, 'random_state': 0}",0.9936791480590862,0.10903469598076262,0.7515630367571281,0.01381063625120242,0.12992991617424762,0.39960348664448536,0.39567451182334396,162
148,0.8086126327514649,0.03704637478183078,0.30078949928283694,0.019379450985783322,balanced_subsample,gini,6,auto,100,-1,10,"{'class_weight': 'balanced_subsample', 'criterion': 'gini', 'max_depth': 6, 'max_features': 'auto', 'n_estimators': 100, 'n_jobs': -1, 'random_state': 10}",0.9936791480590862,0.10903469598076262,0.7515630367571281,0.01381063625120242,0.12992991617424762,0.39960348664448536,0.39567451182334396,162
149,0.7893853187561035,0.0291959918647023,0.2928477764129639,0.011933772736990205,balanced_subsample,gini,6,auto,100,-1,42,"{'class_weight': 'balanced_subsample', 'criterion': 'gini', 'max_depth': 6, 'max_features': 'auto', 'n_estimators': 100, 'n_jobs': -1, 'random_state': 42}",0.9936791480590862,0.10951563036757128,0.7515630367571281,0.01381063625120242,0.1289679813109798,0.3995072865491936,0.39573527380041046,196
150,1.337184762954712,0.041934497848118694,0.5088404178619385,0.059926975193155825,balanced_subsample,gini,6,auto,200,-1,0,"{'class_weight': 'balanced_subsample', 'criterion': 'gini', 'max_depth': 6, 'max_features': 'auto', 'n_estimators': 200, 'n_jobs': -1, 'random_state': 0}",0.9936791480590862,0.10903469598076262,0.7515630367571281,0.01381063625120242,0.12992991617424762,0.39960348664448536,0.39567451182334396,162
151,1.325154685974121,0.025201363031547613,0.5118478775024414,0.044199535049528116,balanced_subsample,gini,6,auto,200,-1,10,"{'class_weight': 'balanced_subsample', 'criterion': 'gini', 'max_depth': 6, 'max_features': 'auto', 'n_estimators': 200, 'n_jobs': -1, 'random_state': 10}",0.9936791480590862,0.10903469598076262,0.7515630367571281,0.01381063625120242,0.12992991617424762,0.39960348664448536,0.39567451182334396,162
152,1.246969985961914,0.06845063317063606,0.5434882640838623,0.04224949563178494,balanced_subsample,gini,6,auto,200,-1,42,"{'class_weight': 'balanced_subsample', 'criterion': 'gini', 'max_depth': 6, 'max_features': 'auto', 'n_estimators': 200, 'n_jobs': -1, 'random_state': 42}",0.9936791480590862,0.10951563036757128,0.7515630367571281,0.01381063625120242,0.1289679813109798,0.3995072865491936,0.39573527380041046,196
153,1.7113292217254639,0.09873602153890548,0.7284095287322998,0.0391221191684148,balanced_subsample,gini,6,auto,300,-1,0,"{'class_weight': 'balanced_subsample', 'criterion': 'gini', 'max_depth': 6, 'max_features': 'auto', 'n_estimators': 300, 'n_jobs': -1, 'random_state': 0}",0.9936791480590862,0.10903469598076262,0.7515630367571281,0.01381063625120242,0.12992991617424762,0.39960348664448536,0.39567451182334396,162
154,1.741706371307373,0.0661300203653175,0.7198969841003418,0.03728877531624579,balanced_subsample,gini,6,auto,300,-1,10,"{'class_weight': 'balanced_subsample', 'criterion': 'gini', 'max_depth': 6, 'max_features': 'auto', 'n_estimators': 300, 'n_jobs': -1, 'random_state': 10}",0.9936791480590862,0.10903469598076262,0.7515630367571281,0.01381063625120242,0.12992991617424762,0.39960348664448536,0.39567451182334396,162
155,1.7159926891326904,0.12006721115950005,0.7201261043548584,0.06463421482053103,balanced_subsample,gini,6,auto,300,-1,42,"{'class_weight': 'balanced_subsample', 'criterion': 'gini', 'max_depth': 6, 'max_features': 'auto', 'n_estimators': 300, 'n_jobs': -1, 'random_state': 42}",0.9936791480590862,0.10951563036757128,0.7515630367571281,0.01381063625120242,0.1289679813109798,0.3995072865491936,0.39573527380041046,196
156,0.5182890892028809,0.014994172941475892,0.1971126079559326,0.015852086057110835,balanced_subsample,gini,7,auto,50,-1,0,"{'class_weight': 'balanced_subsample', 'criterion': 'gini', 'max_depth': 7, 'max_features': 'auto', 'n_estimators': 50, 'n_jobs': -1, 'random_state': 0}",0.9936791480590862,0.10910340089316387,0.7515630367571281,0.01381063625120242,0.12992991617424762,0.39961722762696567,0.3956644217775669,102
157,0.5186579704284668,0.01069862601680157,0.19367852210998535,0.013425075029585985,balanced_subsample,gini,7,auto,50,-1,10,"{'class_weight': 'balanced_subsample', 'criterion': 'gini', 'max_depth': 7, 'max_features': 'auto', 'n_estimators': 50, 'n_jobs': -1, 'random_state': 10}",0.9936791480590862,0.10910340089316387,0.7515630367571281,0.01381063625120242,0.1289679813109798,0.3994248406543121,0.39579571923202034,209
158,0.5281156063079834,0.014081265922743898,0.1872795581817627,0.009064848360632427,balanced_subsample,gini,7,auto,50,-1,42,"{'class_weight': 'balanced_subsample', 'criterion': 'gini', 'max_depth': 7, 'max_features': 'auto', 'n_estimators': 50, 'n_jobs': -1, 'random_state': 42}",0.9936791480590862,0.10958433527997252,0.7515630367571281,0.01381063625120242,0.13082314140442491,0.39989205955036283,0.39547214961086996,4
159,0.7821654796600341,0.02832505578082703,0.3103501319885254,0.007813389517251716,balanced_subsample,gini,7,auto,100,-1,0,"{'class_weight': 'balanced_subsample', 'criterion': 'gini', 'max_depth': 7, 'max_features': 'auto', 'n_estimators': 100, 'n_jobs': -1, 'random_state': 0}",0.9936791480590862,0.10910340089316387,0.7515630367571281,0.01381063625120242,0.12992991617424762,0.39961722762696567,0.3956644217775669,102
160,0.7743120193481445,0.04858774259780291,0.29635963439941404,0.01852828853566345,balanced_subsample,gini,7,auto,100,-1,10,"{'class_weight': 'balanced_subsample', 'criterion': 'gini', 'max_depth': 7, 'max_features': 'auto', 'n_estimators': 100, 'n_jobs': -1, 'random_state': 10}",0.9936791480590862,0.10910340089316387,0.7515630367571281,0.01381063625120242,0.12992991617424762,0.39961722762696567,0.3956644217775669,102
161,0.7695671081542969,0.020941346352019864,0.28653697967529296,0.01391436742089598,balanced_subsample,gini,7,auto,100,-1,42,"{'class_weight': 'balanced_subsample', 'criterion': 'gini', 'max_depth': 7, 'max_features': 'auto', 'n_estimators': 100, 'n_jobs': -1, 'random_state': 42}",0.9936791480590862,0.10910340089316387,0.7515630367571281,0.01381063625120242,0.1289679813109798,0.3994248406543121,0.39579571923202034,209
162,1.23911509513855,0.07053381678982931,0.5400704383850098,0.03551369666475596,balanced_subsample,gini,7,auto,200,-1,0,"{'class_weight': 'balanced_subsample', 'criterion': 'gini', 'max_depth': 7, 'max_features': 'auto', 'n_estimators': 200, 'n_jobs': -1, 'random_state': 0}",0.9936791480590862,0.10910340089316387,0.7515630367571281,0.01381063625120242,0.12992991617424762,0.39961722762696567,0.3956644217775669,102
163,1.2546282291412354,0.060278884383540586,0.5296027183532714,0.03490352099741529,balanced_subsample,gini,7,auto,200,-1,10,"{'class_weight': 'balanced_subsample', 'criterion': 'gini', 'max_depth': 7, 'max_features': 'auto', 'n_estimators': 200, 'n_jobs': -1, 'random_state': 10}",0.9936791480590862,0.10910340089316387,0.7515630367571281,0.01381063625120242,0.12992991617424762,0.39961722762696567,0.3956644217775669,102
164,1.2228787899017335,0.050397720002464744,0.5384361267089843,0.027458796959765393,balanced_subsample,gini,7,auto,200,-1,42,"{'class_weight': 'balanced_subsample', 'criterion': 'gini', 'max_depth': 7, 'max_features': 'auto', 'n_estimators': 200, 'n_jobs': -1, 'random_state': 42}",0.9936791480590862,0.10958433527997252,0.7515630367571281,0.01381063625120242,0.12992991617424762,0.39971341450432735,0.39559383770805884,40
165,1.7263751029968262,0.059252539217117206,0.7103025436401367,0.04338931557849011,balanced_subsample,gini,7,auto,300,-1,0,"{'class_weight': 'balanced_subsample', 'criterion': 'gini', 'max_depth': 7, 'max_features': 'auto', 'n_estimators': 300, 'n_jobs': -1, 'random_state': 0}",0.9936791480590862,0.10910340089316387,0.7515630367571281,0.01381063625120242,0.12992991617424762,0.39961722762696567,0.3956644217775669,102
166,1.783391046524048,0.05427721632193741,0.7174698352813721,0.026123110757818865,balanced_subsample,gini,7,auto,300,-1,10,"{'class_weight': 'balanced_subsample', 'criterion': 'gini', 'max_depth': 7, 'max_features': 'auto', 'n_estimators': 300, 'n_jobs': -1, 'random_state': 10}",0.9936791480590862,0.10910340089316387,0.7515630367571281,0.01381063625120242,0.12992991617424762,0.39961722762696567,0.3956644217775669,102
167,1.7921980381011964,0.04537113969732922,0.688518762588501,0.017807453801319904,balanced_subsample,gini,7,auto,300,-1,42,"{'class_weight': 'balanced_subsample', 'criterion': 'gini', 'max_depth': 7, 'max_features': 'auto', 'n_estimators': 300, 'n_jobs': -1, 'random_state': 42}",0.9936791480590862,0.10958433527997252,0.7515630367571281,0.01381063625120242,0.12992991617424762,0.39971341450432735,0.39559383770805884,40
168,0.5665976524353027,0.03827435864865473,0.21951565742492676,0.025619198701146043,balanced_subsample,gini,8,auto,50,-1,0,"{'class_weight': 'balanced_subsample', 'criterion': 'gini', 'max_depth': 8, 'max_features': 'auto', 'n_estimators': 50, 'n_jobs': -1, 'random_state': 0}",0.9936791480590862,0.10910340089316387,0.7515630367571281,0.01381063625120242,0.12992991617424762,0.39961722762696567,0.3956644217775669,102
169,0.5647396564483642,0.030245511796903345,0.20643672943115235,0.0032342397256400974,balanced_subsample,gini,8,auto,50,-1,10,"{'class_weight': 'balanced_subsample', 'criterion': 'gini', 'max_depth': 8, 'max_features': 'auto', 'n_estimators': 50, 'n_jobs': -1, 'random_state': 10}",0.9936791480590862,0.10910340089316387,0.7515630367571281,0.01381063625120242,0.1289679813109798,0.3994248406543121,0.39579571923202034,209
170,0.5212266445159912,0.018504721243174156,0.19260830879211427,0.009319280229300996,balanced_subsample,gini,8,auto,50,-1,42,"{'class_weight': 'balanced_subsample', 'criterion': 'gini', 'max_depth': 8, 'max_features': 'auto', 'n_estimators': 50, 'n_jobs': -1, 'random_state': 42}",0.9936791480590862,0.10958433527997252,0.7515630367571281,0.01381063625120242,0.13075443177133433,0.3998783176237447,0.3954815001031797,8
171,0.7596144199371337,0.03484802858595494,0.2992212772369385,0.01739050198505638,balanced_subsample,gini,8,auto,100,-1,0,"{'class_weight': 'balanced_subsample', 'criterion': 'gini', 'max_depth': 8, 'max_features': 'auto', 'n_estimators': 100, 'n_jobs': -1, 'random_state': 0}",0.9936791480590862,0.10910340089316387,0.7515630367571281,0.01381063625120242,0.12992991617424762,0.39961722762696567,0.3956644217775669,102
172,0.7721507549285889,0.05318189407657111,0.30740981101989745,0.009561820166133864,balanced_subsample,gini,8,auto,100,-1,10,"{'class_weight': 'balanced_subsample', 'criterion': 'gini', 'max_depth': 8, 'max_features': 'auto', 'n_estimators': 100, 'n_jobs': -1, 'random_state': 10}",0.9936791480590862,0.10910340089316387,0.7515630367571281,0.01381063625120242,0.12992991617424762,0.39961722762696567,0.3956644217775669,102
173,0.7649828433990479,0.029827117426557935,0.2984601974487305,0.019849966105935816,balanced_subsample,gini,8,auto,100,-1,42,"{'class_weight': 'balanced_subsample', 'criterion': 'gini', 'max_depth': 8, 'max_features': 'auto', 'n_estimators': 100, 'n_jobs': -1, 'random_state': 42}",0.9936791480590862,0.10910340089316387,0.7515630367571281,0.01381063625120242,0.1289679813109798,0.3994248406543121,0.39579571923202034,209
174,1.2455710411071776,0.0699446601308657,0.5315442562103272,0.029870456141629913,balanced_subsample,gini,8,auto,200,-1,0,"{'class_weight': 'balanced_subsample', 'criterion': 'gini', 'max_depth': 8, 'max_features': 'auto', 'n_estimators': 200, 'n_jobs': -1, 'random_state': 0}",0.9936791480590862,0.10910340089316387,0.7515630367571281,0.01381063625120242,0.12992991617424762,0.39961722762696567,0.3956644217775669,102
175,1.2704214096069335,0.030783637540221707,0.5560584545135498,0.054924342105502795,balanced_subsample,gini,8,auto,200,-1,10,"{'class_weight': 'balanced_subsample', 'criterion': 'gini', 'max_depth': 8, 'max_features': 'auto', 'n_estimators': 200, 'n_jobs': -1, 'random_state': 10}",0.9936791480590862,0.10910340089316387,0.7515630367571281,0.01381063625120242,0.12992991617424762,0.39961722762696567,0.3956644217775669,102
176,1.260536289215088,0.032457864802214624,0.5384803771972656,0.056073617549659754,balanced_subsample,gini,8,auto,200,-1,42,"{'class_weight': 'balanced_subsample', 'criterion': 'gini', 'max_depth': 8, 'max_features': 'auto', 'n_estimators': 200, 'n_jobs': -1, 'random_state': 42}",0.9936791480590862,0.10910340089316387,0.7515630367571281,0.01381063625120242,0.12992991617424762,0.39961722762696567,0.3956644217775669,102
177,1.7467679023742675,0.12747151638939702,0.7028293132781982,0.034909163531273435,balanced_subsample,gini,8,auto,300,-1,0,"{'class_weight': 'balanced_subsample', 'criterion': 'gini', 'max_depth': 8, 'max_features': 'auto', 'n_estimators': 300, 'n_jobs': -1, 'random_state': 0}",0.9936791480590862,0.10910340089316387,0.7515630367571281,0.01381063625120242,0.12992991617424762,0.39961722762696567,0.3956644217775669,102
178,1.7436899185180663,0.03862710677150903,0.7141540050506592,0.02570060281442751,balanced_subsample,gini,8,auto,300,-1,10,"{'class_weight': 'balanced_subsample', 'criterion': 'gini', 'max_depth': 8, 'max_features': 'auto', 'n_estimators': 300, 'n_jobs': -1, 'random_state': 10}",0.9936791480590862,0.10910340089316387,0.7515630367571281,0.01381063625120242,0.12992991617424762,0.39961722762696567,0.3956644217775669,102
179,1.7428251266479493,0.07240226456401863,0.7235864162445068,0.04390658854738063,balanced_subsample,gini,8,auto,300,-1,42,"{'class_weight': 'balanced_subsample', 'criterion': 'gini', 'max_depth': 8, 'max_features': 'auto', 'n_estimators': 300, 'n_jobs': -1, 'random_state': 42}",0.9936791480590862,0.10910340089316387,0.7515630367571281,0.01381063625120242,0.12992991617424762,0.39961722762696567,0.3956644217775669,102
180,0.4989974021911621,0.01248819105956217,0.19717607498168946,0.018578009184586103,balanced_subsample,entropy,4,auto,50,-1,0,"{'class_weight': 'balanced_subsample', 'criterion': 'entropy', 'max_depth': 4, 'max_features': 'auto', 'n_estimators': 50, 'n_jobs': -1, 'random_state': 0}",0.9936791480590862,0.10924081071796633,0.7508072827207145,0.01381063625120242,0.13068572213824378,0.3996447199774427,0.39540697020043214,79
181,0.5038226127624512,0.017872434380419952,0.19746270179748535,0.008816332456067203,balanced_subsample,entropy,4,auto,50,-1,10,"{'class_weight': 'balanced_subsample', 'criterion': 'entropy', 'max_depth': 4, 'max_features': 'auto', 'n_estimators': 50, 'n_jobs': -1, 'random_state': 10}",0.9936791480590862,0.10917210580556509,0.7508072827207145,0.01374192661811186,0.1313728184691494,0.3997546563345254,0.395337098040128,30
182,0.49057974815368655,0.007722829015573504,0.19180569648742676,0.007161098420218851,balanced_subsample,entropy,4,auto,50,-1,42,"{'class_weight': 'balanced_subsample', 'criterion': 'entropy', 'max_depth': 4, 'max_features': 'auto', 'n_estimators': 50, 'n_jobs': -1, 'random_state': 42}",0.9936791480590862,0.10917210580556509,0.7508072827207145,0.0136732169850213,0.13144152810223994,0.3997546563345254,0.39534118925981254,30
183,0.7248156070709229,0.018064245015011516,0.2951472282409668,0.01971294970709341,balanced_subsample,entropy,4,auto,100,-1,0,"{'class_weight': 'balanced_subsample', 'criterion': 'entropy', 'max_depth': 4, 'max_features': 'auto', 'n_estimators': 100, 'n_jobs': -1, 'random_state': 0}",0.9936791480590862,0.10917210580556509,0.7508072827207145,0.01381063625120242,0.13075443177133433,0.3996447209215805,0.39540771718796375,76
184,0.7676058292388916,0.03066634389702783,0.3026899814605713,0.020400367923952802,balanced_subsample,entropy,4,auto,100,-1,10,"{'class_weight': 'balanced_subsample', 'criterion': 'entropy', 'max_depth': 4, 'max_features': 'auto', 'n_estimators': 100, 'n_jobs': -1, 'random_state': 10}",0.9936791480590862,0.10924081071796633,0.7508072827207145,0.01374192661811186,0.1313728184691494,0.3997683973170057,0.39532699890416845,27
185,0.7676263809204101,0.0455608398503514,0.30382719039916994,0.013339197027588673,balanced_subsample,entropy,4,auto,100,-1,42,"{'class_weight': 'balanced_subsample', 'criterion': 'entropy', 'max_depth': 4, 'max_features': 'auto', 'n_estimators': 100, 'n_jobs': -1, 'random_state': 42}",0.9936791480590862,0.10917210580556509,0.7508072827207145,0.01374192661811186,0.12958636800879483,0.3993973662424545,0.3955802220217177,231
186,1.2015052795410157,0.06665693250092548,0.5628843784332276,0.027368808794320625,balanced_subsample,entropy,4,auto,200,-1,0,"{'class_weight': 'balanced_subsample', 'criterion': 'entropy', 'max_depth': 4, 'max_features': 'auto', 'n_estimators': 200, 'n_jobs': -1, 'random_state': 0}",0.9936791480590862,0.10924081071796633,0.7508072827207145,0.01381063625120242,0.1301360450735193,0.3995347845644978,0.39548180320117254,193
187,1.2545065879821777,0.05874619747178369,0.542739725112915,0.013251662314365484,balanced_subsample,entropy,4,auto,200,-1,10,"{'class_weight': 'balanced_subsample', 'criterion': 'entropy', 'max_depth': 4, 'max_features': 'auto', 'n_estimators': 200, 'n_jobs': -1, 'random_state': 10}",0.9936791480590862,0.10924081071796633,0.7508072827207145,0.01374192661811186,0.13061701250515323,0.3996172361242064,0.3954297275788488,98
188,1.210127592086792,0.022704624504787305,0.5624928951263428,0.023159285474337994,balanced_subsample,entropy,4,auto,200,-1,42,"{'class_weight': 'balanced_subsample', 'criterion': 'entropy', 'max_depth': 4, 'max_features': 'auto', 'n_estimators': 200, 'n_jobs': -1, 'random_state': 42}",0.9936791480590862,0.10924081071796633,0.7508072827207145,0.01381063625120242,0.1315102377353305,0.3998096230968601,0.3952949234429435,14
189,1.7271006107330322,0.06575732084753727,0.7084245204925537,0.04883148886862539,balanced_subsample,entropy,4,auto,300,-1,0,"{'class_weight': 'balanced_subsample', 'criterion': 'entropy', 'max_depth': 4, 'max_features': 'auto', 'n_estimators': 300, 'n_jobs': -1, 'random_state': 0}",0.9936791480590862,0.10917210580556509,0.7508072827207145,0.01381063625120242,0.13075443177133433,0.3996447209215805,0.39540771718796375,76
190,1.7300594329833985,0.04885605929543954,0.7063705444335937,0.03141225943699163,balanced_subsample,entropy,4,auto,300,-1,10,"{'class_weight': 'balanced_subsample', 'criterion': 'entropy', 'max_depth': 4, 'max_features': 'auto', 'n_estimators': 300, 'n_jobs': -1, 'random_state': 10}",0.9936791480590862,0.10924081071796633,0.7508072827207145,0.01381063625120242,0.13061701250515323,0.3996309780508246,0.3954163184139861,89
191,1.709139347076416,0.03718381406432298,0.7271917819976806,0.014696877347312785,balanced_subsample,entropy,4,auto,300,-1,42,"{'class_weight': 'balanced_subsample', 'criterion': 'entropy', 'max_depth': 4, 'max_features': 'auto', 'n_estimators': 300, 'n_jobs': -1, 'random_state': 42}",0.9936791480590862,0.10924081071796633,0.7508072827207145,0.01381063625120242,0.1315102377353305,0.3998096230968601,0.3952949234429435,14
192,0.505652379989624,0.01365843117114286,0.18538341522216797,0.01371472436790096,balanced_subsample,entropy,5,auto,50,-1,0,"{'class_weight': 'balanced_subsample', 'criterion': 'entropy', 'max_depth': 5, 'max_features': 'auto', 'n_estimators': 50, 'n_jobs': -1, 'random_state': 0}",0.9936791480590862,0.10924081071796633,0.7513569220199244,0.01381063625120242,0.13096056067060602,0.39980961554375716,0.39546726463756593,20
193,0.5132309436798096,0.019072088489332333,0.19467606544494628,0.008879141930881162,balanced_subsample,entropy,5,auto,50,-1,10,"{'class_weight': 'balanced_subsample', 'criterion': 'entropy', 'max_depth': 5, 'max_features': 'auto', 'n_estimators': 50, 'n_jobs': -1, 'random_state': 10}",0.9936791480590862,0.10951563036757128,0.7513569220199244,0.01381063625120242,0.12986120654115707,0.3996447086477883,0.3955766291723016,86
194,0.5062512874603271,0.008808262044990455,0.19637818336486818,0.011396010377360873,balanced_subsample,entropy,5,auto,50,-1,42,"{'class_weight': 'balanced_subsample', 'criterion': 'entropy', 'max_depth': 5, 'max_features': 'auto', 'n_estimators': 50, 'n_jobs': -1, 'random_state': 42}",0.9936791480590862,0.10951563036757128,0.7513569220199244,0.01381063625120242,0.13061701250515323,0.3997958698405875,0.3954736392658724,25
195,0.7249006748199462,0.023135042427163435,0.29450364112854005,0.01525274280577633,balanced_subsample,entropy,5,auto,100,-1,0,"{'class_weight': 'balanced_subsample', 'criterion': 'entropy', 'max_depth': 5, 'max_features': 'auto', 'n_estimators': 100, 'n_jobs': -1, 'random_state': 0}",0.9936791480590862,0.10951563036757128,0.7513569220199244,0.01381063625120242,0.12999862580733818,0.39967219250102454,0.39555788854276996,53
196,0.7588352680206298,0.02696205054597076,0.297223424911499,0.003314299600994211,balanced_subsample,entropy,5,auto,100,-1,10,"{'class_weight': 'balanced_subsample', 'criterion': 'entropy', 'max_depth': 5, 'max_features': 'auto', 'n_estimators': 100, 'n_jobs': -1, 'random_state': 10}",0.9936791480590862,0.10903469598076262,0.7513569220199244,0.01381063625120242,0.12992991617424762,0.3995622636970446,0.39563785016590114,190
197,0.739849328994751,0.015650345564828808,0.3053447246551514,0.016876064766064038,balanced_subsample,entropy,5,auto,100,-1,42,"{'class_weight': 'balanced_subsample', 'criterion': 'entropy', 'max_depth': 5, 'max_features': 'auto', 'n_estimators': 100, 'n_jobs': -1, 'random_state': 42}",0.9936791480590862,0.10951563036757128,0.7513569220199244,0.01381063625120242,0.12992991617424762,0.3996584505744064,0.39556725801373566,69
198,1.1958461284637452,0.03462032832720201,0.5663502216339111,0.02989251500729785,balanced_subsample,entropy,5,auto,200,-1,0,"{'class_weight': 'balanced_subsample', 'criterion': 'entropy', 'max_depth': 5, 'max_features': 'auto', 'n_estimators': 200, 'n_jobs': -1, 'random_state': 0}",0.9936791480590862,0.10951563036757128,0.7513569220199244,0.01381063625120242,0.12999862580733818,0.39967219250102454,0.39555788854276996,53
199,1.2419347286224365,0.07796907943375204,0.5260799884796142,0.035277244694452536,balanced_subsample,entropy,5,auto,200,-1,10,"{'class_weight': 'balanced_subsample', 'criterion': 'entropy', 'max_depth': 5, 'max_features': 'auto', 'n_estimators': 200, 'n_jobs': -1, 'random_state': 10}",0.9936791480590862,0.10903469598076262,0.7515630367571281,0.01381063625120242,0.12992991617424762,0.39960348664448536,0.39567451182334396,162
200,1.188364601135254,0.06036061409109297,0.5517214298248291,0.06224120598542673,balanced_subsample,entropy,5,auto,200,-1,42,"{'class_weight': 'balanced_subsample', 'criterion': 'entropy', 'max_depth': 5, 'max_features': 'auto', 'n_estimators': 200, 'n_jobs': -1, 'random_state': 42}",0.9936791480590862,0.10951563036757128,0.7513569220199244,0.01381063625120242,0.12965507764188539,0.39960348286793396,0.39560475277240115,186
201,1.7556843757629395,0.10088417242383331,0.7358798503875732,0.04287649359530799,balanced_subsample,entropy,5,auto,300,-1,0,"{'class_weight': 'balanced_subsample', 'criterion': 'entropy', 'max_depth': 5, 'max_features': 'auto', 'n_estimators': 300, 'n_jobs': -1, 'random_state': 0}",0.9936791480590862,0.10951563036757128,0.7513569220199244,0.01381063625120242,0.13102927030369657,0.3998783214002962,0.3954175490718342,5
202,1.6316574573516847,0.04730852592836757,0.7247596263885498,0.02177114952373279,balanced_subsample,entropy,5,auto,300,-1,10,"{'class_weight': 'balanced_subsample', 'criterion': 'entropy', 'max_depth': 5, 'max_features': 'auto', 'n_estimators': 300, 'n_jobs': -1, 'random_state': 10}",0.9936791480590862,0.10951563036757128,0.7515630367571281,0.01381063625120242,0.12999862580733818,0.3997134154484653,0.3955945461555067,37
203,1.7012478351593017,0.04684818861550782,0.708276891708374,0.054979141812091833,balanced_subsample,entropy,5,auto,300,-1,42,"{'class_weight': 'balanced_subsample', 'criterion': 'entropy', 'max_depth': 5, 'max_features': 'auto', 'n_estimators': 300, 'n_jobs': -1, 'random_state': 42}",0.9936791480590862,0.10951563036757128,0.7513569220199244,0.01381063625120242,0.13068572213824378,0.39980961176720564,0.395464286677503,22
204,0.5211535453796386,0.011165775273174196,0.199127197265625,0.015020621807024242,balanced_subsample,entropy,6,auto,50,-1,0,"{'class_weight': 'balanced_subsample', 'criterion': 'entropy', 'max_depth': 6, 'max_features': 'auto', 'n_estimators': 50, 'n_jobs': -1, 'random_state': 0}",0.9936791480590862,0.10951563036757128,0.7515630367571281,0.01381063625120242,0.13109797993678715,0.39993328627435504,0.3954448551866561,1
205,0.5293252468109131,0.014853693090285312,0.1928727149963379,0.00984148964204338,balanced_subsample,entropy,6,auto,50,-1,10,"{'class_weight': 'balanced_subsample', 'criterion': 'entropy', 'max_depth': 6, 'max_features': 'auto', 'n_estimators': 50, 'n_jobs': -1, 'random_state': 10}",0.9936791480590862,0.10903469598076262,0.7515630367571281,0.01381063625120242,0.12889927167788923,0.3993973577452137,0.395815189571625,234
206,0.504555082321167,0.005704611265690153,0.19030327796936036,0.0101710294727317,balanced_subsample,entropy,6,auto,50,-1,42,"{'class_weight': 'balanced_subsample', 'criterion': 'entropy', 'max_depth': 6, 'max_features': 'auto', 'n_estimators': 50, 'n_jobs': -1, 'random_state': 42}",0.9936791480590862,0.10951563036757128,0.7515630367571281,0.01381063625120242,0.13082314140442491,0.3998783185678826,0.395482237401134,7
207,0.7491813659667969,0.0202785044026164,0.3190001010894775,0.0509932406954291,balanced_subsample,entropy,6,auto,100,-1,0,"{'class_weight': 'balanced_subsample', 'criterion': 'entropy', 'max_depth': 6, 'max_features': 'auto', 'n_estimators': 100, 'n_jobs': -1, 'random_state': 0}",0.9936791480590862,0.10903469598076262,0.7515630367571281,0.01381063625120242,0.12992991617424762,0.39960348664448536,0.39567451182334396,162
208,0.7758194923400878,0.02884642718586005,0.2866330623626709,0.01279529903743034,balanced_subsample,entropy,6,auto,100,-1,10,"{'class_weight': 'balanced_subsample', 'criterion': 'entropy', 'max_depth': 6, 'max_features': 'auto', 'n_estimators': 100, 'n_jobs': -1, 'random_state': 10}",0.9936791480590862,0.10903469598076262,0.7515630367571281,0.01381063625120242,0.12992991617424762,0.39960348664448536,0.39567451182334396,162
209,0.7430609226226806,0.013936318058736373,0.3114732265472412,0.01624248561472273,balanced_subsample,entropy,6,auto,100,-1,42,"{'class_weight': 'balanced_subsample', 'criterion': 'entropy', 'max_depth': 6, 'max_features': 'auto', 'n_estimators': 100, 'n_jobs': -1, 'random_state': 42}",0.9936791480590862,0.10903469598076262,0.7515630367571281,0.01381063625120242,0.12903669094407036,0.39942484159844993,0.39579641061747123,206
210,1.2650054454803468,0.05755218057153675,0.5374151706695557,0.06096256497033091,balanced_subsample,entropy,6,auto,200,-1,0,"{'class_weight': 'balanced_subsample', 'criterion': 'entropy', 'max_depth': 6, 'max_features': 'auto', 'n_estimators': 200, 'n_jobs': -1, 'random_state': 0}",0.9936791480590862,0.10903469598076262,0.7515630367571281,0.01381063625120242,0.12992991617424762,0.39960348664448536,0.39567451182334396,162
211,1.2592999458312988,0.07025946985906252,0.5537174701690674,0.039783266942458345,balanced_subsample,entropy,6,auto,200,-1,10,"{'class_weight': 'balanced_subsample', 'criterion': 'entropy', 'max_depth': 6, 'max_features': 'auto', 'n_estimators': 200, 'n_jobs': -1, 'random_state': 10}",0.9936791480590862,0.10903469598076262,0.7515630367571281,0.01381063625120242,0.1289679813109798,0.3994110996718318,0.39580579925171067,228
212,1.283018445968628,0.021804611586579706,0.5065099716186523,0.04212413201818739,balanced_subsample,entropy,6,auto,200,-1,42,"{'class_weight': 'balanced_subsample', 'criterion': 'entropy', 'max_depth': 6, 'max_features': 'auto', 'n_estimators': 200, 'n_jobs': -1, 'random_state': 42}",0.9936791480590862,0.10951563036757128,0.7515630367571281,0.01381063625120242,0.1289679813109798,0.3995072865491936,0.39573527380041046,196
213,1.7059597015380858,0.06479998610717547,0.7142265319824219,0.033199374690618566,balanced_subsample,entropy,6,auto,300,-1,0,"{'class_weight': 'balanced_subsample', 'criterion': 'entropy', 'max_depth': 6, 'max_features': 'auto', 'n_estimators': 300, 'n_jobs': -1, 'random_state': 0}",0.9936791480590862,0.10903469598076262,0.7515630367571281,0.01381063625120242,0.12992991617424762,0.39960348664448536,0.39567451182334396,162
214,1.7342764854431152,0.11825623636115293,0.7579997539520263,0.06344506930987029,balanced_subsample,entropy,6,auto,300,-1,10,"{'class_weight': 'balanced_subsample', 'criterion': 'entropy', 'max_depth': 6, 'max_features': 'auto', 'n_estimators': 300, 'n_jobs': -1, 'random_state': 10}",0.9936791480590862,0.10903469598076262,0.7515630367571281,0.01381063625120242,0.12992991617424762,0.39960348664448536,0.39567451182334396,162
215,1.7728826999664307,0.022561959488493096,0.7450451374053955,0.0237239401165767,balanced_subsample,entropy,6,auto,300,-1,42,"{'class_weight': 'balanced_subsample', 'criterion': 'entropy', 'max_depth': 6, 'max_features': 'auto', 'n_estimators': 300, 'n_jobs': -1, 'random_state': 42}",0.9936791480590862,0.10951563036757128,0.7515630367571281,0.01381063625120242,0.1289679813109798,0.3995072865491936,0.39573527380041046,196
216,0.498870849609375,0.05018901127866609,0.18945164680480958,0.0203285579187594,balanced_subsample,entropy,7,auto,50,-1,0,"{'class_weight': 'balanced_subsample', 'criterion': 'entropy', 'max_depth': 7, 'max_features': 'auto', 'n_estimators': 50, 'n_jobs': -1, 'random_state': 0}",0.9936791480590862,0.10910340089316387,0.7515630367571281,0.01381063625120242,0.12999862580733818,0.3996309695535838,0.39565505603928647,91
217,0.5183598041534424,0.027175668990635882,0.19098939895629882,0.016379148514301743,balanced_subsample,entropy,7,auto,50,-1,10,"{'class_weight': 'balanced_subsample', 'criterion': 'entropy', 'max_depth': 7, 'max_features': 'auto', 'n_estimators': 50, 'n_jobs': -1, 'random_state': 10}",0.9936791480590862,0.10910340089316387,0.7515630367571281,0.01381063625120242,0.1289679813109798,0.3994248406543121,0.39579571923202034,209
218,0.5188271045684815,0.017584128522911364,0.20123591423034667,0.007086861411250991,balanced_subsample,entropy,7,auto,50,-1,42,"{'class_weight': 'balanced_subsample', 'criterion': 'entropy', 'max_depth': 7, 'max_features': 'auto', 'n_estimators': 50, 'n_jobs': -1, 'random_state': 42}",0.9936791480590862,0.10958433527997252,0.7515630367571281,0.01381063625120242,0.12979249690806652,0.39968593065109115,0.39561258427176715,52
219,0.7711089611053467,0.043504521010164825,0.30101537704467773,0.012100860210563865,balanced_subsample,entropy,7,auto,100,-1,0,"{'class_weight': 'balanced_subsample', 'criterion': 'entropy', 'max_depth': 7, 'max_features': 'auto', 'n_estimators': 100, 'n_jobs': -1, 'random_state': 0}",0.9936791480590862,0.10910340089316387,0.7515630367571281,0.01381063625120242,0.12992991617424762,0.39961722762696567,0.3956644217775669,102
220,0.7218834400177002,0.05354547173015957,0.2891401290893555,0.023729694063333338,balanced_subsample,entropy,7,auto,100,-1,10,"{'class_weight': 'balanced_subsample', 'criterion': 'entropy', 'max_depth': 7, 'max_features': 'auto', 'n_estimators': 100, 'n_jobs': -1, 'random_state': 10}",0.9936791480590862,0.10910340089316387,0.7515630367571281,0.01381063625120242,0.12992991617424762,0.39961722762696567,0.3956644217775669,102
221,0.7640568733215332,0.03220969505738276,0.31050944328308105,0.008885185866291308,balanced_subsample,entropy,7,auto,100,-1,42,"{'class_weight': 'balanced_subsample', 'criterion': 'entropy', 'max_depth': 7, 'max_features': 'auto', 'n_estimators': 100, 'n_jobs': -1, 'random_state': 42}",0.9936791480590862,0.10910340089316387,0.7515630367571281,0.01381063625120242,0.1289679813109798,0.3994248406543121,0.39579571923202034,209
222,1.3342220306396484,0.06808806376427733,0.5533116817474365,0.030669545790627833,balanced_subsample,entropy,7,auto,200,-1,0,"{'class_weight': 'balanced_subsample', 'criterion': 'entropy', 'max_depth': 7, 'max_features': 'auto', 'n_estimators': 200, 'n_jobs': -1, 'random_state': 0}",0.9936791480590862,0.10910340089316387,0.7515630367571281,0.01381063625120242,0.12992991617424762,0.39961722762696567,0.3956644217775669,102
223,1.2241274833679199,0.052858714807932125,0.5491840362548828,0.017027710991985315,balanced_subsample,entropy,7,auto,200,-1,10,"{'class_weight': 'balanced_subsample', 'criterion': 'entropy', 'max_depth': 7, 'max_features': 'auto', 'n_estimators': 200, 'n_jobs': -1, 'random_state': 10}",0.9936791480590862,0.10910340089316387,0.7515630367571281,0.01381063625120242,0.12992991617424762,0.39961722762696567,0.3956644217775669,102
224,1.2649827003479004,0.05133061799839399,0.5482747554779053,0.019066328601686198,balanced_subsample,entropy,7,auto,200,-1,42,"{'class_weight': 'balanced_subsample', 'criterion': 'entropy', 'max_depth': 7, 'max_features': 'auto', 'n_estimators': 200, 'n_jobs': -1, 'random_state': 42}",0.9936791480590862,0.10958433527997252,0.7515630367571281,0.01381063625120242,0.12992991617424762,0.39971341450432735,0.39559383770805884,40
225,1.7374558448791504,0.05301704903810314,0.7335936069488526,0.01442338782543118,balanced_subsample,entropy,7,auto,300,-1,0,"{'class_weight': 'balanced_subsample', 'criterion': 'entropy', 'max_depth': 7, 'max_features': 'auto', 'n_estimators': 300, 'n_jobs': -1, 'random_state': 0}",0.9936791480590862,0.10910340089316387,0.7515630367571281,0.01381063625120242,0.12992991617424762,0.39961722762696567,0.3956644217775669,102
226,1.7314980983734132,0.0774434182815444,0.7508527755737304,0.029701923645929933,balanced_subsample,entropy,7,auto,300,-1,10,"{'class_weight': 'balanced_subsample', 'criterion': 'entropy', 'max_depth': 7, 'max_features': 'auto', 'n_estimators': 300, 'n_jobs': -1, 'random_state': 10}",0.9936791480590862,0.10910340089316387,0.7515630367571281,0.01381063625120242,0.12992991617424762,0.39961722762696567,0.3956644217775669,102
227,1.7576233863830566,0.05394876112124346,0.7593480110168457,0.012193831126485342,balanced_subsample,entropy,7,auto,300,-1,42,"{'class_weight': 'balanced_subsample', 'criterion': 'entropy', 'max_depth': 7, 'max_features': 'auto', 'n_estimators': 300, 'n_jobs': -1, 'random_state': 42}",0.9936791480590862,0.10910340089316387,0.7515630367571281,0.01381063625120242,0.12992991617424762,0.39961722762696567,0.3956644217775669,102
228,0.5165669441223144,0.014639436250236572,0.20329637527465821,0.007794470822402315,balanced_subsample,entropy,8,auto,50,-1,0,"{'class_weight': 'balanced_subsample', 'criterion': 'entropy', 'max_depth': 8, 'max_features': 'auto', 'n_estimators': 50, 'n_jobs': -1, 'random_state': 0}",0.9936791480590862,0.10910340089316387,0.7515630367571281,0.01381063625120242,0.12992991617424762,0.39961722762696567,0.3956644217775669,102
229,0.5304276943206787,0.013912098097493091,0.19079313278198243,0.010961441752719653,balanced_subsample,entropy,8,auto,50,-1,10,"{'class_weight': 'balanced_subsample', 'criterion': 'entropy', 'max_depth': 8, 'max_features': 'auto', 'n_estimators': 50, 'n_jobs': -1, 'random_state': 10}",0.9936791480590862,0.10910340089316387,0.7515630367571281,0.01381063625120242,0.1289679813109798,0.3994248406543121,0.39579571923202034,209
230,0.5245238304138183,0.01797593617925508,0.19301915168762207,0.012022491494869123,balanced_subsample,entropy,8,auto,50,-1,42,"{'class_weight': 'balanced_subsample', 'criterion': 'entropy', 'max_depth': 8, 'max_features': 'auto', 'n_estimators': 50, 'n_jobs': -1, 'random_state': 42}",0.9936791480590862,0.10958433527997252,0.7515630367571281,0.01381063625120242,0.13075443177133433,0.3998783176237447,0.3954815001031797,8
231,0.7750341892242432,0.0560583990086219,0.3048901081085205,0.005119044341395583,balanced_subsample,entropy,8,auto,100,-1,0,"{'class_weight': 'balanced_subsample', 'criterion': 'entropy', 'max_depth': 8, 'max_features': 'auto', 'n_estimators': 100, 'n_jobs': -1, 'random_state': 0}",0.9936791480590862,0.10910340089316387,0.7515630367571281,0.01381063625120242,0.12992991617424762,0.39961722762696567,0.3956644217775669,102
232,0.777073335647583,0.03520626319229849,0.301329231262207,0.02015617421112311,balanced_subsample,entropy,8,auto,100,-1,10,"{'class_weight': 'balanced_subsample', 'criterion': 'entropy', 'max_depth': 8, 'max_features': 'auto', 'n_estimators': 100, 'n_jobs': -1, 'random_state': 10}",0.9936791480590862,0.10910340089316387,0.7515630367571281,0.01381063625120242,0.12992991617424762,0.39961722762696567,0.3956644217775669,102
233,0.7456210613250732,0.02581430646463571,0.2867568492889404,0.013383368915891852,balanced_subsample,entropy,8,auto,100,-1,42,"{'class_weight': 'balanced_subsample', 'criterion': 'entropy', 'max_depth': 8, 'max_features': 'auto', 'n_estimators': 100, 'n_jobs': -1, 'random_state': 42}",0.9936791480590862,0.10910340089316387,0.7515630367571281,0.01381063625120242,0.1289679813109798,0.3994248406543121,0.39579571923202034,209
234,1.227278757095337,0.07458459672720284,0.5363754272460938,0.033210454813635486,balanced_subsample,entropy,8,auto,200,-1,0,"{'class_weight': 'balanced_subsample', 'criterion': 'entropy', 'max_depth': 8, 'max_features': 'auto', 'n_estimators': 200, 'n_jobs': -1, 'random_state': 0}",0.9936791480590862,0.10910340089316387,0.7515630367571281,0.01381063625120242,0.12992991617424762,0.39961722762696567,0.3956644217775669,102
235,1.2266973972320556,0.0646690245300188,0.5531189918518067,0.0438508005550325,balanced_subsample,entropy,8,auto,200,-1,10,"{'class_weight': 'balanced_subsample', 'criterion': 'entropy', 'max_depth': 8, 'max_features': 'auto', 'n_estimators': 200, 'n_jobs': -1, 'random_state': 10}",0.9936791480590862,0.10910340089316387,0.7515630367571281,0.01381063625120242,0.12992991617424762,0.39961722762696567,0.3956644217775669,102
236,1.2590622425079345,0.07764942418112096,0.5484368324279785,0.028505477266905315,balanced_subsample,entropy,8,auto,200,-1,42,"{'class_weight': 'balanced_subsample', 'criterion': 'entropy', 'max_depth': 8, 'max_features': 'auto', 'n_estimators': 200, 'n_jobs': -1, 'random_state': 42}",0.9936791480590862,0.10910340089316387,0.7515630367571281,0.01381063625120242,0.12992991617424762,0.39961722762696567,0.3956644217775669,102
237,1.7152914524078369,0.10842669931436257,0.759151029586792,0.011806781894365492,balanced_subsample,entropy,8,auto,300,-1,0,"{'class_weight': 'balanced_subsample', 'criterion': 'entropy', 'max_depth': 8, 'max_features': 'auto', 'n_estimators': 300, 'n_jobs': -1, 'random_state': 0}",0.9936791480590862,0.10910340089316387,0.7515630367571281,0.01381063625120242,0.12992991617424762,0.39961722762696567,0.3956644217775669,102
238,1.7807059288024902,0.07959448190238443,0.7679579734802247,0.05137584780763041,balanced_subsample,entropy,8,auto,300,-1,10,"{'class_weight': 'balanced_subsample', 'criterion': 'entropy', 'max_depth': 8, 'max_features': 'auto', 'n_estimators': 300, 'n_jobs': -1, 'random_state': 10}",0.9936791480590862,0.10910340089316387,0.7515630367571281,0.01381063625120242,0.12992991617424762,0.39961722762696567,0.3956644217775669,102
239,1.8017674446105958,0.10277195396246355,0.7060031890869141,0.04196537864372554,balanced_subsample,entropy,8,auto,300,-1,42,"{'class_weight': 'balanced_subsample', 'criterion': 'entropy', 'max_depth': 8, 'max_features': 'auto', 'n_estimators': 300, 'n_jobs': -1, 'random_state': 42}",0.9936791480590862,0.10910340089316387,0.7515630367571281,0.01381063625120242,0.12992991617424762,0.39961722762696567,0.3956644217775669,102
